"video_url","author","comment","votes","time","is_reply","teks_bersih","skor_sentimen","sentimen"
"https://youtu.be/HHNJNRrzb5A?si=NTl9fUpn-sjPDXJj","@Alkha_ha","Otw co ini mah, jarang2 aku nemuin produk makanan yg sehat tp enak. 😅","0","3 days ago","False","otw co mah jarang aku nemuin produk makan sehat enak","2","positif"
"https://youtu.be/HHNJNRrzb5A?si=NTl9fUpn-sjPDXJj","@anaria9902","Rata - rata Yang menghasilkan karya yang baik itu biasa jatuh bangun berkali-kali..","0","5 days ago","False","rata rata hasil karya baik biasa jatuh bangun kali kali","2","positif"
"https://youtu.be/HHNJNRrzb5A?si=NTl9fUpn-sjPDXJj","@Aizysavega777","dokterr tirta dong","1","6 days ago","False","dokterr tirta dong","0","netral"
"https://youtu.be/HHNJNRrzb5A?si=NTl9fUpn-sjPDXJj","@nabilaraisyaelias8303","Keceee insightnyaa! Semangat Koko LeanLab, aku sering nonton lagi live nya sambil belanja dry rub wkwk","0","6 days ago","False","keceee insightnyaa semangat koko leanlab aku sering nonton live nya belanja dry rub wkwk","1","positif"
"https://youtu.be/HHNJNRrzb5A?si=NTl9fUpn-sjPDXJj","@alvindwis5901","Suara berkelas panggil aderai dong dia orang  yg ngerubah saya dan  pasti nya sangat berkelas juga","2","8 days ago","False","suara kelas panggil aderai dong orang ngerubah dan nya sangat kelas","1","positif"
"https://youtu.be/HHNJNRrzb5A?si=NTl9fUpn-sjPDXJj","@Ololo-cliper","Enaknya dengerin saat sedang tidur","2","8 days ago","False","enak dengerin sedang tidur","1","positif"
"https://youtu.be/HHNJNRrzb5A?si=NTl9fUpn-sjPDXJj","@Venesiac","Insightful banget, makasih ya udah undang pembicara ini 🥹👍🏻","2","8 days ago","False","insightful banget terima kasih sudah undang bicara","5","positif"
"https://youtu.be/HHNJNRrzb5A?si=NTl9fUpn-sjPDXJj","@arilanam9039","panggil dokter Tirta pls, atau udah pernah??tlg mau liat kalo udh pernah","6","8 days ago","False","panggil dokter tirta pls pernah tlg mau liat kalo sudah pernah","0","netral"
"https://youtu.be/HHNJNRrzb5A?si=NTl9fUpn-sjPDXJj","@RzkyFrmnsyh.12","Bukanlah sesuatu yang ditemukan, melainkan sesuatu yang diciptakan melalui konsistensi, kerja keras, dan menjadi ahli di bidang yang ditekuni. thanks untuk konten nya meskipun perubahan sedikit demi sedikit 😇🥰🙏","14","9 days ago","False","bukan temu sesuatu cipta lalu konsistensi kerja keras jadi ahli bidang yang tekun terima kasih konten nya meski ubah sedikit sedikit","7","positif"
"https://youtu.be/HHNJNRrzb5A?si=NTl9fUpn-sjPDXJj","@AlgoNudger","Nasib seorang founder dan ilmuwan itu gak jauh beda, mereka harus siap dan rela menempuh a very lonely journey. 

IYKYK 😢","5","9 days ago","False","nasib orang founder ilmuwan tidak jauh beda harus siap rela tempuh a very lonely journey iykyk","-1","negatif"
"https://youtu.be/HHNJNRrzb5A?si=NTl9fUpn-sjPDXJj","@SahrulRamadhan-p6i","Suara berkelas,terimaksih kmu telah menambah wawasan dan pengetahuan kmi,","4","9 days ago","False","suara kelas terimaksih kamu tambah wawas tahu kmi","0","netral"
"https://youtu.be/HHNJNRrzb5A?si=NTl9fUpn-sjPDXJj","@indramunte140","❤❤❤❤❤","2","9 days ago","False","","5","positif"
"https://youtu.be/HHNJNRrzb5A?si=NTl9fUpn-sjPDXJj","@AlvitoDesu","Pertama bil🙌","4","9 days ago","False","pertama bil","1","positif"
"https://youtu.be/WRxJGz-TA44?si=rfAIXKsyYvCPQPkk","@Jatongmangbanjarnohar","❤❤","0","33 minutes ago","False","","2","positif"
"https://youtu.be/WRxJGz-TA44?si=rfAIXKsyYvCPQPkk","@BondanPrayoga-t5x","kak ada conseling nya gak?","0","2 hours ago","False","kak conseling nya","0","netral"
"https://youtu.be/WRxJGz-TA44?si=rfAIXKsyYvCPQPkk","@rodismanrajagukguk9934","Alhamdulillah 
Terima kasih Sharingnya Suara Berkelas❤ Dan Kak Analisa Widyaningrum❤","0","19 hours ago (edited)","False","alhamdulillah terima kasih sharingnya suara kelas kak analisa widyaningrum","5","positif"
"https://youtu.be/WRxJGz-TA44?si=rfAIXKsyYvCPQPkk","@M4D3T0T0CARIYA","Insight dari psikolognya daging semua! Bikin mikir ulang tentang work-life balance dan prioritas mental health. Podcast paling berkualitas saat ini 💯","0","20 hours ago","False","insight psikolog daging semua bikin mikir ulang work life balance prioritas mental health podcast paling kualitas ini","1","positif"
"https://youtu.be/WRxJGz-TA44?si=rfAIXKsyYvCPQPkk","@M4D3T0T0CARIYA","Relate banget sama pembahasan episode kali ini. Sadar banget kalau selama ini kerja cuma buat ngejar ekspektasi orang lain sampai lupa sama jati diri sendiri. Terima kasih SUARA BERKELAS! 🙏✨","0","20 hours ago","False","relate banget sama bahas episode kali sadar banget kalau lama kerja cuma buat ngejar ekspektasi orang sampai lupa sama jati diri sendiri terima kasih suara kelas","7","positif"
"https://youtu.be/WRxJGz-TA44?si=rfAIXKsyYvCPQPkk","@lutfiahrizky692","ke trigger dikit dan kena dikit egonya, karena pernah pengalaman dengan hal ini, ternyat org"" tu ga sepenuhnya salah, tpi aku yang terlalu membawa personal baggage ku ke satu kerjaan","0","1 day ago","False","trigger dikit kena dikit ego pernah alam hal ternyat orang tu sepenuh salah aku terlalu bawa personal baggage ku satu kerja","0","netral"
"https://youtu.be/WRxJGz-TA44?si=rfAIXKsyYvCPQPkk","@ArifUSGM-t4m","Kamu tak harus menjadi sempurna untuk dilihat mereka,karena orang sekelilingmu akan mencintaimu apa adanya, yg Kamu butuhkan adalah jadilah dirimu yg bertumbuh, yg selalu belajar dari setiap kekuranganmu","0","1 day ago","False","kamu tak jadi sempurna lihat karena orang keliling cinta apa ada kamu butuh jadi diri tumbuh selalu ajar tiap kurang","2","positif"
"https://youtu.be/WRxJGz-TA44?si=rfAIXKsyYvCPQPkk","@SuryaGumelarMindspace","Penuh dengan ekspetasi sangat releate","0","1 day ago","False","penuh ekspetasi sangat releate","1","positif"
"https://youtu.be/WRxJGz-TA44?si=rfAIXKsyYvCPQPkk","@krisdwiiyanti2751","Kak ana, aku jarang sekali terkagum dg seseorang, walopun dia sehebat apapun. Tapi dg kak ana, kagum yg blm pernah aku alami dg siapapun, Krena cara penyampaian yg bikin tenang, cara menangkap setiap pertanyaan atau permasalahan, seolah itu yg aku butuhkan ❤","0","1 day ago","False","kak ana aku jarang sekali kagum dg orang walopun hebat apa dg kak ana kagum belum pernah aku alami dg siapa krena cara sampai bikin tenang cara tangkap tanya masalah itu aku butuh","5","positif"
"https://youtu.be/WRxJGz-TA44?si=rfAIXKsyYvCPQPkk","@Justilla24","To my dearest child in the future,

Nak, mungkin sekarang kita belum bisa bertemu, karena Bunda masih sedang mengusahakan banyak hal. Bunda sedang belajar menjadi perempuan yang lebih baik, memantaskan diri, dan menyembuhkan luka-luka dari masa lalu, agar tidak ada luka yang harus kamu warisi dari Bunda.

Bunda ingin suatu hari nanti, ketika kamu tumbuh, kamu tidak merasa harus menjadi sempurna hanya untuk mendapatkan cinta Bunda. Tidak akan ada tuntutan yang berada di luar kemampuanmu. Kamu tidak harus menjadi seperti yang Bunda inginkan. Bunda hanya ingin kamu tumbuh menjadi dirimu sendiri, mengejar mimpi-mimpimu, dan menjalani hidup dengan hati yang tenang.

Bunda ingin menemanimu tumbuh tanpa membawa luka inner child yang belum selesai. Karena itu, Bunda sedang belajar menyembuhkan diri sekarang, supaya kelak Bunda bisa menjadi rumah yang aman untukmu.

Jadi, tunggu Bunda sebentar lagi ya, Nak. ♡
Bunda sedang memperkaya ilmu, memperbaiki diri, membangun masa depan, dan menata finansial. Bunda sedang berusaha menjadi versi terbaik dari diri Bunda—bukan agar kamu memiliki Bunda yang sempurna, tetapi agar kamu memiliki Bunda yang cukup kuat untuk mencintaimu dengan sehat.

Sampai saat kita akhirnya dipertemukan,
Bunda akan terus memantaskan diri untukmu. ♡","0","2 days ago","False","to my dearest child in the future nak mungkin sekarang belum temu bunda sedang usaha banyak bunda sedang ajar jadi perempuan lebih baik pantas diri sembuh luka luka masa lalu luka kamu waris bunda bunda suatu hari ketika kamu tumbuh kamu rasa harus jadi sempurna dapat cinta bunda tuntut ada luar mampu kamu tidak harus jadi bunda ingin bunda kamu tumbuh jadi diri sendiri kejar mimpi mimpi jalan hidup hati tenang bunda ingin teman tumbuh bawa luka inner child belum selesai itu bunda sedang ajar sembuh diri sekarang kelak bunda jadi rumah aman untuk jadi tunggu bunda sebentar ya nak bunda sedang kaya ilmu baik diri bangun masa depan tata finansial bunda sedang usaha jadi versi baik diri bunda bukan kamu milik bunda sempurna agar kamu milik bunda yang cukup kuat untuk cinta sehat saat akhir temu bunda akan terus pantas diri untuk","8","positif"
"https://youtu.be/WRxJGz-TA44?si=rfAIXKsyYvCPQPkk","@JatiIlalang-v1k","Enak banget ya dengerin omongan orang cerdas ""","0","2 days ago","False","enak banget dengerin omong orang cerdas","3","positif"
"https://youtu.be/WRxJGz-TA44?si=rfAIXKsyYvCPQPkk","@anaya1932","59:40 mksdnya gimn ya?","0","2 days ago","False","mksdnya gimn","0","netral"
"https://youtu.be/WRxJGz-TA44?si=rfAIXKsyYvCPQPkk","@ekocho","anakku rumaisha, jika belasan  tahun nanti kelak kamu bisa sudah bisa bermain socmed, semoga suatu saat nanti babamu bisa melihatkan konten yg berkelas ini","0","3 days ago","False","anak rumaisha bas tahun kelak kamu sudah main socmed moga suatu nanti baba lihat konten kelas","0","netral"
"https://youtu.be/WRxJGz-TA44?si=rfAIXKsyYvCPQPkk","@EvaDamayanti-p6c","Pendatang baru ni kk","0","3 days ago","False","datang baru ni kk","0","netral"
"https://youtu.be/WRxJGz-TA44?si=rfAIXKsyYvCPQPkk","@ikhwannur863","Umur 30 tahun sesi ini yg gua rasain banget","0","4 days ago","False","umur tahun sesi yang rasain banget","1","positif"
"https://youtu.be/WRxJGz-TA44?si=rfAIXKsyYvCPQPkk","@santidorego","Puji Tuhan bisa nonton ini🥰😇","0","4 days ago","False","puji tuhan nonton","2","positif"
"https://youtu.be/WRxJGz-TA44?si=rfAIXKsyYvCPQPkk","@vertigoflowers_","menit ke 40:51 kena si 😢","0","4 days ago","False","menit kena si","-1","negatif"
"https://youtu.be/WRxJGz-TA44?si=rfAIXKsyYvCPQPkk","@geusanmachyarhayat9506","previlege gue sebagai anak terakhir adalah minim ekspektasi dibanding kakak kakak gue, dan gue berasa lebih all out dan tanpa beban. Entah mana pola didik yang benar tapi kadang mikir juga, ini bentuk kepercayaan atau orang tua yang emang udah capek ngatur? haha","0","4 days ago","False","previlege bagai anak akhir minim ekspektasi banding kakak kakak asa lebih all out dan tanpa beban entah mana pola didik benar kadang mikir ini bentuk percaya orang tua emang capek ngatur haha","0","netral"
"https://youtu.be/WRxJGz-TA44?si=rfAIXKsyYvCPQPkk","@wipi1410","kalau 800 orang bilang bosnya toxic, berarti emang toxic ya😅","0","4 days ago (edited)","False","kalau orang bilang bos toxic arti emang toxic","-2","negatif"
"https://youtu.be/WRxJGz-TA44?si=rfAIXKsyYvCPQPkk","@G00GLE-MADETOTO","Kamu tidak harus sempurna untuk diterima oleh mereka. Mereka akan mencintaimu apa adanya, asli ngena banget sih kata kata ini","0","4 days ago","False","kamu harus sempurna terima mereka akan cinta apa ada asli ngena banget sih kata kata","4","positif"
"https://youtu.be/WRxJGz-TA44?si=rfAIXKsyYvCPQPkk","@vertigoflowers_","44:04 ini juga","0","4 days ago","True","juga","0","netral"
"https://youtu.be/WRxJGz-TA44?si=rfAIXKsyYvCPQPkk","@RahmaAuliaFaraDhisa","Pliss iyaa kak, aku cape bgt kl ada org yg begitu, ngajak ini itu maen kesana kesini cuma buat update sosmed, bikin video ini itu ya tp syukurnya skrg aku bisa tegasin diriku sendiri buat blg gak mau, dan aku jg ttp allways memilah milih teman, emg sepi kdg rasanya gada teman tp lebih nyaman ada teman yg bener"" Bisa diajak untuk maju kedepannya dlm hal berpikir tentunya","3","5 days ago","False","pliss iyaa kak aku cape banget kl orang begitu ngajak itu maen kesana kesini cuma buat update sosmed bikin video itu syukur sekarang aku tegasin diri sendiri buat blg mau aku jg ttp allways mem milih teman emg sepi kdg rasa gada teman tapi lebih nyaman teman bener ajak maju depan dlm pikir tentu","2","positif"
"https://youtu.be/WRxJGz-TA44?si=rfAIXKsyYvCPQPkk","@fauqiarifandi9727","Seorang kakak juga butuh si sosok seseorang kakak 😢","0","5 days ago","False","orang kakak butuh si sosok orang kakak","-1","negatif"
"https://youtu.be/WRxJGz-TA44?si=rfAIXKsyYvCPQPkk","@aliyafi2470","Disaat gua ga bekerja semua teman menyepelekan gua, tapi pas gua udah bekerja semua teman ngechat gua buat minjem uang sekarang gua kaya terauma kalau ada teman yang ngechat apalagi nomer baru","1","5 days ago","False","saat tidak kerja semua teman sepele tapi pas sudah kerja semua teman ngechat buat minjem uang sekarang kaya terauma kalau teman ngechat nomer baru","0","netral"
"https://youtu.be/WRxJGz-TA44?si=rfAIXKsyYvCPQPkk","@Icaldimaridam","Mak aku lagi invest pengetahuan dan wawasan untuk masa depanku mak❤❤🎉","1","5 days ago","False","mak aku invest tahu wawas masa depan mak","3","positif"
"https://youtu.be/WRxJGz-TA44?si=rfAIXKsyYvCPQPkk","@verotriprakasa9446","Quiet quitting dlm pekerjaan","1","5 days ago","False","quiet quitting dlm kerja","1","positif"
"https://youtu.be/WRxJGz-TA44?si=rfAIXKsyYvCPQPkk","@umay0111","One day, mungkin aku bukan ibu yg sempurna tapi akan kuusahakan jadi panutan yg baik untukmu
Semoga kamu akan jadi pribadi yg lebihbm baik dari ibu mu ini","0","5 days ago","False","one day mungkin aku bukan ibu sempurna usaha jadi panutan baik untuk moga kamu akan jadi pribadi lebihbm baik ibu mu","3","positif"
"https://youtu.be/WRxJGz-TA44?si=rfAIXKsyYvCPQPkk","@Ellsptrr24","Aku tidak lagi mempunyai waktu untuk menoleh ke depan atau ke belakang, untuk melihat siapa yang lebih jauh melangkah atau siapa yang tertinggal. Terlalu lama aku menghabiskan tenaga membandingkan perjalanan hidupku dengan orang lain, sehingga aku lupa bahawa setiap orang mempunyai jalan, ujian, dan waktunya sendiri.
Dulu aku fikir hidup adalah sebuah perlumbaan. Aku berlari sekuat tenaga untuk mengejar mereka yang berada di hadapan, dan merasa gelisah apabila melihat orang lain mencapai sesuatu lebih cepat daripadaku. Aku juga pernah merasa bangga ketika melihat ada yang berada di belakangku. Namun semakin dewasa, aku mulai sedar bahawa semua itu hanyalah ilusi yang membuat hati tidak pernah benar-benar tenang.
Perlumbaan itu sebenarnya telah selesai sejak aku menyedari satu perkara penting: satu-satunya orang yang perlu aku lampaui adalah diriku sendiri. Bukan mereka yang memiliki kehidupan lebih sempurna, bukan mereka yang kelihatan lebih berjaya, dan bukan mereka yang mendapat apa yang aku impikan. Tetapi orang yang aku lihat di dalam cermin setiap pagi.
Aku ingin menjadi lebih kuat daripada diriku yang mudah menyerah. Aku ingin menjadi lebih sabar daripada diriku yang sering mengeluh. Aku ingin menjadi lebih bijak daripada diriku yang pernah membuat kesilapan yang sama berulang kali. Kerana kemenangan yang sebenar bukanlah ketika kita mengalahkan orang lain, tetapi ketika kita mampu mengalahkan rasa takut, keraguan, kemalasan, dan kelemahan dalam diri sendiri.
Hari ini, aku tidak lagi berlumba dengan sesiapa. Aku hanya berusaha menjadi versi yang lebih baik daripada diriku semalam. Walaupun langkahku perlahan, aku tetap melangkah. Walaupun perjalanan ini panjang, aku tetap bertahan. Kerana aku tahu, setiap perubahan kecil yang aku lakukan hari ini adalah kemenangan yang tidak dapat dilihat oleh sesiapa, tetapi sangat bermakna untuk diriku sendiri.
Dan jika suatu hari nanti aku berjaya sampai ke destinasi yang aku impikan, aku mahu mengingati bahawa kejayaan itu bukan kerana aku lebih hebat daripada orang lain. Tetapi kerana aku tidak pernah berhenti memperbaiki diri, walaupun berkali-kali","5","6 days ago","False","aku lagi punya waktu toleh depan ke belakang lihat siapa lebih jauh lang siapa tinggal terlalu lama aku habis tenaga banding jalan hidup orang sehingga aku lupa bahawa orang punya jalan uji waktu sendiri dulu aku fikir hidup buah perlumbaan aku lari kuat tenaga kejar ada hadap rasa gelisah apabila lihat orang capai lebih cepat daripada aku pernah rasa bangga lihat ada belakang makin dewasa aku mulai dar bahawa semua hanya ilusi buat hati pernah benar benar tenang perlumbaan benar selesai sejak aku dari satu perkara penting satu satu orang perlu aku lampau diri sendiri bukan milik hidup lebih sempurna bukan lihat lebih jaya bukan dapat apa aku impi orang aku lihat cermin pagi aku jadi lebih kuat diri mudah serah aku jadi lebih sabar diri sering keluh aku jadi lebih bijak diri pernah buat silap sama ulang kali rana menang yang benar bukan kita kalah orang kita mampu kalah rasa takut ragu malas lemah dalam diri sendiri hari aku lagi berlumba siapa aku usaha jadi versi yang lebih baik diri malam walaupun langkah perlahan aku tetap lang walaupun jalan panjang aku tetap tahan rana aku tahu ubah kecil yang aku laku hari adalah menang yang lihat siapa tetapi sangat makna diri sendiri jika suatu hari aku jaya ke destinasi yang aku impi aku mahu ingat bahawa jaya bukan rana aku lebih hebat orang tetapi rana aku tidak pernah henti baik diri walaupun kali kali","9","positif"
"https://youtu.be/WRxJGz-TA44?si=rfAIXKsyYvCPQPkk","@mhmmdrozak28","memandang hidup tanpa harus merasa tertinggal tapi melainkan merasa cukup untuk membuat hati berhenti cemas🥰","1","6 days ago","False","pandang hidup harus rasa tinggal lain rasa cukup buat hati henti cemas","0","netral"
"https://youtu.be/WRxJGz-TA44?si=rfAIXKsyYvCPQPkk","@Nesyaeca5","masyaAllah, podcast dan episode terbaikk🥰🥰","0","6 days ago","False","masyaallah podcast episode terbaikk","2","positif"
"https://youtu.be/WRxJGz-TA44?si=rfAIXKsyYvCPQPkk","@febroniacynthia1991","Bagaimana kalau tidak punya followers, circle dan tidak punya teman untuk bercerita?","0","6 days ago","False","bagaimana kalau punya followers circle tidak punya teman cerita","0","netral"
"https://youtu.be/WRxJGz-TA44?si=rfAIXKsyYvCPQPkk","@niastarina8","📌Berhenti membandingkan hidup dengan orang lain, berani mengatakan tidak dan miliki kesadaran untuk memisahkan identitas diri dari ekspektasi luar maupun peran sosial yang dijalani.","0","6 days ago","False","henti banding hidup orang berani kata dan milik sadar pisah identitas diri ekspektasi luar maupun peran sosial jalan","1","positif"
"https://youtu.be/WRxJGz-TA44?si=rfAIXKsyYvCPQPkk","@AlfiAfifah-s6w","Mohon maaf bahasanya bnyak yg gak aku mengerti, mgkn sebagian yg nnton terutama IRT seperti aku dgn bahasa lingkungan rumahan, 🙏","0","6 days ago","False","mohon maaf bahasa bnyak tidak aku erti mgkn bagi nnton utama irt aku bahasa lingkung rumah","1","positif"
"https://youtu.be/WRxJGz-TA44?si=rfAIXKsyYvCPQPkk","@rizkynadia0245","33.27 kak saya pernah disalahkan oranglain. Dia beranggapan hancurnya hidup dia karna saya. Padahal sebelum saya mengenal dia hidup dia sudah seperti itu. Dan yang menyebabkan diri dia seperti itu adalah diri dia sendiri. Tapi dia gagal untuk memahami semua itu dan menyalahkan orang lain. Tidak hanya saya yang disalahkan tapi banyak sekali orang lain yang disalahkan dia:(. Kasian tapi aku sungkan kalo nyuruh dia ke konsul takut dia nganggep aku meremehkan dia🥲","2","7 days ago","False","kak pernah salah oranglain anggap hancur hidup karena padahal saya kenal hidup sudah sebab diri seperti adalah diri sendiri gagal paham semua itu dan salah orang tidak saya yang salah banyak sekali orang yang salah kasi aku sungkan kalo nyuruh ke konsul takut nganggep aku remeh dia","-5","negatif"
"https://youtu.be/WRxJGz-TA44?si=rfAIXKsyYvCPQPkk","@healingbersama888","Mama aku yg galak n hard complain kalo pas beli sesuatu, bikin aku biasa aja dapet atasan yg galak2 n berpikir mo resign juga bakal ketemu orang yg sama ... alhasil pas selesai kerja, lanjut ke tempat kerja lain, ampe 4 kali, ya udin pasti ada atasan killer or lain2 ... Kesimpulan = gapapa mama VOC 😁","0","7 days ago","False","mama aku galak n hard complain kalo pas beli bikin aku biasa aja dapet atas galak n pikir mo resign bakal ketemu orang sama alhasil pas selesai kerja lanjut tempat kerja ampe kali udin ada atas killer or simpul apa apa mama voc","3","positif"
"https://youtu.be/WRxJGz-TA44?si=rfAIXKsyYvCPQPkk","@Pitriana01","I’m watching this video at 19 years, 9 months, and 29 days old🤍","10","7 days ago","False","i m watching this video at years months and days old","0","netral"
"https://youtu.be/WRxJGz-TA44?si=rfAIXKsyYvCPQPkk","@lookatmee778","Bnr std sosmed duh bahaya😢","0","8 days ago","False","bnr std sosmed duh bahaya","-2","negatif"
"https://youtu.be/WRxJGz-TA44?si=rfAIXKsyYvCPQPkk","@atikaayu152","daging. relate sekali","0","8 days ago","False","daging relate sekali","1","positif"
"https://youtu.be/WRxJGz-TA44?si=rfAIXKsyYvCPQPkk","@pyxisreiss5576","Mas sumpah, konten mu selalu berguna dann... isinya wahh luxury sekali mas, gak bohong. Dan disini saya mau berterimakasih telah membuat channel sepeerti ini, jujur saya sangat terbantu mas,, apalagi saya seorang introvert yang SANGAT selektif milih teman cerita wkwk dan saya menemukan channel ini. 

DABESTT, sehat selalu mas dan semoga dapat Diamond Button dari YouTube karna bermanfaat sekali.
Salam waras..","1","8 days ago","False","mas sumpah konten mu selalu guna dann isi wahh luxury sekali mas bohong sini mau berterimakasih buat channel sepeerti jujur sangat bantu mas saya orang introvert sangat selektif milih teman cerita wkwk saya temu channel dabestt sehat selalu mas moga diamond button youtube manfaat sekali salam waras","5","positif"
"https://youtu.be/WRxJGz-TA44?si=rfAIXKsyYvCPQPkk","@rezarenaldi255","Udah bang","0","8 days ago","False","bang","0","netral"
"https://youtu.be/WRxJGz-TA44?si=rfAIXKsyYvCPQPkk","@Intan-gita-w3f","Ada yg ngeresum gk guys, sayang banget kalau gk di tulis","0","8 days ago","False","yang ngeresum guys sayang banget kalau di tulis","2","positif"
"https://youtu.be/WRxJGz-TA44?si=rfAIXKsyYvCPQPkk","@bintmahfudz6451","Kakk , request narasumber di kasih air minum dong heheee","0","8 days ago","False","kakk request narasumber kasih air minum dong heheee","1","positif"
"https://youtu.be/WRxJGz-TA44?si=rfAIXKsyYvCPQPkk","@tejabuana123","Ada benernya","0","9 days ago","False","benernya","0","netral"
"https://youtu.be/WRxJGz-TA44?si=rfAIXKsyYvCPQPkk","@YADPRODUCTION16","Trauma masa lalu, ekonomi dan tekanan kerja serta tidak adanya suport system itu sih lingkaran yg keras buatku hari ini dan udah berlangsung bertahun tahun sulit sekali menghilang kan total efek buruknya","9","9 days ago","False","trauma masa lalu ekonomi tekan kerja tidak ada suport system sih lingkar keras buat hari dan langsung tahun tahun sulit sekali hilang kan total efek buruk","1","positif"
"https://youtu.be/WRxJGz-TA44?si=rfAIXKsyYvCPQPkk","@Pearl.archive","36:58 Ketika kita ngerasa di masalalu buruk tapi apakah pantas orang lain menjadi korban atas masalalu tersebut ?","0","9 days ago (edited)","False","kita ngerasa masalalu buruk apakah pantas orang jadi korban atas masalalu sebut","-1","negatif"
"https://youtu.be/WRxJGz-TA44?si=rfAIXKsyYvCPQPkk","@faisalrudijanto9200","Mbak ana 👍","0","9 days ago","False","mbak ana","1","positif"
"https://youtu.be/WRxJGz-TA44?si=rfAIXKsyYvCPQPkk","@Arkanfamily23","bener banget si exspektasi lingkungan parah si, nangis banget dengerin podcest ini karena bener bener sama kek aku alami😊","1","9 days ago","False","bener banget si exspektasi lingkung lebih si nang banget dengerin podcest karena bener bener sama kek aku alami","3","positif"
"https://youtu.be/WRxJGz-TA44?si=rfAIXKsyYvCPQPkk","@KibutsuJiie048","ok","0","10 days ago","False","","0","netral"
"https://youtu.be/WRxJGz-TA44?si=rfAIXKsyYvCPQPkk","@nisaulhikmah102","Gilak ya bagus bgt pembahasan podcastnya 😍","0","10 days ago","False","gilak bagus banget bahas podcastnya","3","positif"
"https://youtu.be/WRxJGz-TA44?si=rfAIXKsyYvCPQPkk","@nabilamsalun3982","Masi bingung dng point ke 2 yg lgi ngebahasa dn ngejelasin cara kita balik ke diri kita lgi itu, maksudnya gmn si? Yg paham bsa bntu jelasin?","0","10 days ago","False","mas bingung dng point lgi ngebahasa dn ngejelasin cara balik diri lgi maksud gmn si yang paham bntu jelasin","0","netral"
"https://youtu.be/WRxJGz-TA44?si=rfAIXKsyYvCPQPkk","@umay0111","Terimakasih mas Bilal","0","11 days ago","False","terimakasih mas bilal","0","netral"
"https://youtu.be/WRxJGz-TA44?si=rfAIXKsyYvCPQPkk","@QiyasAdanuSoekma","57:10 nasihat untuk pribadi","0","11 days ago","False","nasihat pribadi","0","netral"
"https://youtu.be/WRxJGz-TA44?si=rfAIXKsyYvCPQPkk","@rahminasrotulhaq4536","ya alloh obrolan kali ini bener lagi,,, pas banget sama aku,,,","0","11 days ago","False","alloh obrol kali bener pas banget sama aku","1","positif"
"https://youtu.be/WRxJGz-TA44?si=rfAIXKsyYvCPQPkk","@burhanadriyan","Tidak harus selalu menjadi sempurna, iyup benar sekali, terkadang ada masanya capek butuh istirahat sejenak","0","11 days ago","False","harus selalu jadi sempurna iyup benar sekali terkadang masa capek butuh istirahat jenak","2","positif"
"https://youtu.be/WRxJGz-TA44?si=rfAIXKsyYvCPQPkk","@nonasugiharti131","💕💞","0","11 days ago","False","","2","positif"
"https://youtu.be/WRxJGz-TA44?si=rfAIXKsyYvCPQPkk","@iyrw21","mbak analisa terima kasih insightnya","0","11 days ago","False","mbak analisa terima kasih insightnya","2","positif"
"https://youtu.be/WRxJGz-TA44?si=rfAIXKsyYvCPQPkk","@ClutiehGoes-iu1nq","38 kena gue banget","0","12 days ago","False","kena banget","1","positif"
"https://youtu.be/WRxJGz-TA44?si=rfAIXKsyYvCPQPkk","@amsstore2629","gg","0","12 days ago","False","gg","0","netral"
"https://youtu.be/WRxJGz-TA44?si=rfAIXKsyYvCPQPkk","@faradinaarsy1256","Bener2 berkelas.plottwis dibalik argumentasi kita dibalik sikap seseorg ternyata kita sendirilah si pembawa ransel.mempertanyakan knapa dia bla BLA BLA tp ternyata kita yg banyak ngeluh nya","0","12 days ago","False","bener kelas plottwis balik argumentasi balik sikap seseorg nyata sendiri si bawa ransel tanya knapa bla bla bla nyata yang banyak ngeluh nya","0","netral"
"https://youtu.be/WRxJGz-TA44?si=rfAIXKsyYvCPQPkk","@Bkehh04","jujur, ada cara tobat dri kebanyakan coli gk? gua muak tp susah banget keluar, udah 2 minggu gk nyentuh tp masih juga kena","0","12 days ago","False","jujur cara tobat dri banyak coli saya muak susah banget keluar minggu nyentuh masih kena","1","positif"
"https://youtu.be/WRxJGz-TA44?si=rfAIXKsyYvCPQPkk","@dewikhaira258","Done subscribe yaa, makasih ilmunyaa","0","12 days ago","False","done subscribe yaa terima kasih ilmunyaa","2","positif"
"https://youtu.be/WRxJGz-TA44?si=rfAIXKsyYvCPQPkk","@vitorahmad-o7q","9:39","0","12 days ago","True","","0","netral"
"https://youtu.be/WRxJGz-TA44?si=rfAIXKsyYvCPQPkk","@wedasantika6079","Kadang serasa masuk mode auto-pilot.","0","13 days ago","False","kadang serasa masuk mode auto pilot","0","netral"
"https://youtu.be/WRxJGz-TA44?si=rfAIXKsyYvCPQPkk","@Nevertheless938","Relate banget dengan kondisiku sekarang. Posisi kerja udah jadi kartap dengan gaji perbulan yang menurutku sangat cukup. Ekspetasiku dan orang² mungkin kerja dengan status kartap ini udah enak tinggal betahnya, jadi ketika aku ada di posisi lelah ingin melepas kerjaanku aku berusaha buat pertahanin kerjaan ini dengan cara apapun itu, karena semisal aku resign, di luar sana aku harus siap menghadapi omongan orang ""Resign lagi? Apa gak sayang?"" Hingga akhirnya aku harus kontrol tiap bulan ke psikiater huhu 🥲","0","13 days ago","False","relate banget kondisi sekarang posisi kerja jadi kartap gaji bulan turut sangat cukup ekspetasiku orang mungkin kerja status kartap sudah enak tinggal betah jadi aku posisi lelah lepas kerja aku usaha buat pertahanin kerja dengan cara apa karena misal aku resign di luar sana aku siap hadap omong orang resign apa sayang hingga akhir aku kontrol tiap bulan psikiater huhu","8","positif"
"https://youtu.be/WRxJGz-TA44?si=rfAIXKsyYvCPQPkk","@marisoh6059","kak anak saya cowok umur 20 tahun,anak itu benci bgt sama aku karna dia merasa d paksa harus begini begitu ,padahal saya sebagai orang tua pengine naknya lebih baik dari kita y,tek taruh  pondok sama sekolah d pondok ,setelah selesai malah gak mau ngapa ngapain,bagaimana cara membangun mental nya supaya gak benci sama saya ,sebagai ibunya ,terima kasih,dari kecil sering d buli sama temanya tp gak pernah ngomong ke saya","2","13 days ago","False","kak anak cowok umur tahun anak benci banget sama aku dia rasa d paksa begini padahal bagai orang tua pengine nak lebih baik kita y tek taruh pondok sama sekolah d pondok selesai malah mau ngapa ngapain bagaimana cara bangun mental nya tidak benci sama bagai ibu terima kasih kecil sering d buli sama tema tidak pernah ngomong saya","4","positif"
"https://youtu.be/WRxJGz-TA44?si=rfAIXKsyYvCPQPkk","@ArdjaWidjaya","Bagaimana kalo mau konsul sama mba analisa","0","13 days ago (edited)","False","bagaimana kalo mau konsul sama mba analisa","0","netral"
"https://youtu.be/WRxJGz-TA44?si=rfAIXKsyYvCPQPkk","@natnatgamingYT","Saya ada punya leader, tapi leadernya buat patah semangat bawahannya. 
Kalo lu cuma sebagai staff doang jgn berharap lebih, ga bisa bermimpi mau ini mau itu bisa jd kenyataan","1","13 days ago","False","ada punya leader leadernya buat patah semangat bawah kalo kamu cuma staff doang jangan harap lebih bisa mimpi mau mau bisa jadi nyata","1","positif"
"https://youtu.be/WRxJGz-TA44?si=rfAIXKsyYvCPQPkk","@Dewi_sinta-o3n","Baru nyadar, harusnya aku lebih aware sama diri sendiri❤","0","13 days ago","False","baru nyadar harus aku lebih aware sama diri sendiri","1","positif"
"https://youtu.be/WRxJGz-TA44?si=rfAIXKsyYvCPQPkk","@jeda_sebelumtidur","beban berat jika lingkungan terus berekspetasi kepada kita, tanpa ada yang memotivasi atau hanya sekedar apresiasi","7","13 days ago","False","beban berat lingkung terus berekspetasi kita ada motivasi hanya dar apresiasi","1","positif"
"https://youtu.be/WRxJGz-TA44?si=rfAIXKsyYvCPQPkk","@hafidzfauzi2816","Ini yang dicari, tonton dulu ah...","1","13 days ago","False","yang cari tonton dulu ah","0","netral"
"https://youtu.be/WRxJGz-TA44?si=rfAIXKsyYvCPQPkk","@kenannie4716","taiwan..nyimak..kak","0","2 weeks ago","False","taiwan nyimak kak","0","netral"
"https://youtu.be/WRxJGz-TA44?si=rfAIXKsyYvCPQPkk","@OdiChans","Bener ,skrg baru aja usia 24 skrg jalalin aja apa adanya gak mikir expestasi sebelumnya stres bgt mencari mati matian expetasi tinggi pengen ini itu malah bikin rugi sendiri","0","2 weeks ago","False","bener sekarang baru aja usia sekarang jalalin aja apa ada mikir expestasi belum stres banget cari mati mati expetasi tinggi ken itu malah bikin rugi sendiri","-1","negatif"
"https://youtu.be/WRxJGz-TA44?si=rfAIXKsyYvCPQPkk","@jonbudi","ok","0","2 weeks ago","False","","0","netral"
"https://youtu.be/WRxJGz-TA44?si=rfAIXKsyYvCPQPkk","@qyozaaa","Relate bangettt sama yg aku alamin selama hampir 2 tahun terakhir ini dlm berkarier🥲😭","2","2 weeks ago (edited)","False","relate bangettt sama aku alamin lama hampir tahun akhir dlm karier","-1","negatif"
"https://youtu.be/WRxJGz-TA44?si=rfAIXKsyYvCPQPkk","@Ersyida","https://youtu.be/x9mJO2sbwDM?si=vuYIajkxzH_1QjTg","0","2 weeks ago","False","","0","netral"
"https://youtu.be/WRxJGz-TA44?si=rfAIXKsyYvCPQPkk","@intanmokoginta","❤❤❤","0","2 weeks ago","False","","3","positif"
"https://youtu.be/WRxJGz-TA44?si=rfAIXKsyYvCPQPkk","@FaridahSyafrudin","Keren bangett daging semuaa isinyaa","0","2 weeks ago","False","keren bangett daging semuaa isinyaa","1","positif"
"https://youtu.be/WRxJGz-TA44?si=rfAIXKsyYvCPQPkk","@FranandaRusadi-d8k","sudah bang","0","2 weeks ago","False","bang","0","netral"
"https://youtu.be/WRxJGz-TA44?si=rfAIXKsyYvCPQPkk","@restudwi7125","Keren banget part terakhirnya mba analisa, aku selalu suka sama kamu dari dulu huhu❤","0","2 weeks ago","False","keren banget part akhir mba analisa aku selalu suka sama kamu dulu huhu","4","positif"
"https://youtu.be/WRxJGz-TA44?si=rfAIXKsyYvCPQPkk","@enizulaiha8774","Kok wajahnya beda ya ka Analisa dari podcast yg dulu dulu","0","2 weeks ago","False","kok wajah beda ka analisa podcast dulu dulu","0","netral"
"https://youtu.be/WRxJGz-TA44?si=rfAIXKsyYvCPQPkk","@yogaariprastiya4473","🥺😔😖😣","0","2 weeks ago","False","","-2","negatif"
"https://youtu.be/WRxJGz-TA44?si=rfAIXKsyYvCPQPkk","@anjonanopan8817","serius aku lagi jenuhh sm hidup dan aku lagi butuh bangett ilmu ini makasih bgt ilmunyaa ka sehat² org baikk","3","2 weeks ago (edited)","False","serius aku jenuhh sm hidup aku butuh bangett ilmu terima kasih banget ilmunyaa ka sehat orang baikk","4","positif"
"https://youtu.be/WRxJGz-TA44?si=rfAIXKsyYvCPQPkk","@Sitiliamuflihat","Masyaallah sekali episode ini, sangat relate dengan kehidupan, terimakasih mbak analisa dan mas Bilal sehat2 terus dan serjng2 podcast sama mbak analisa❤❤","0","2 weeks ago","False","masyaallah sekali episode sangat relate hidup terimakasih mbak analisa mas bilal sehat terus serjng podcast sama mbak analisa","5","positif"
"https://youtu.be/WRxJGz-TA44?si=rfAIXKsyYvCPQPkk","@DesikaFiorina","terimakasih mas bilal & kak ana, ini jadi insight aku pribadi dalam menghadapi trauma perselingkuhan pasangan hidup 😢","0","2 weeks ago","False","terimakasih mas bilal kak ana jadi insight aku pribadi hadap trauma selingkuh pasang hidup","-1","negatif"
"https://youtu.be/WRxJGz-TA44?si=rfAIXKsyYvCPQPkk","@devimayang2724","Related bgt sm eksptasi udh setengah gajih lake bayar ciiclan aku ikhlas tp siapa yg minta jdi anak pertama itu tolak ukur kesuksesan ak jg ingin brusaha siapa yg tdk ingin mewujudkan hajat ortu tp ya gmna se effort dn berdoa trus gk putus asa tp ya blm memenuhi eksptasi, lagi d fase ingin risegn juga dah malas untuk adaftasi dgn lingkungan kerja, yaa krna Ada gejala fisik juga yg mengharuskan untuk lakukan tindakan medis, tp msih bimbang smoga ya kita semua sgera d perlihatkan rezeki nya tdk d tunda²","2","2 weeks ago","False","related banget sm eksptasi tengah gajih lake bayar ciiclan aku ikhlas siapa minta jdi anak pertama tolak ukur sukses ak jg brusaha siapa tdk wujud hajat ortu gmna se effort dn doa terus putus asa ya penuh eksptasi d fase risegn sudah malas adaftasi lingkung kerja yaa krna gejala fisik yang harus laku tindak medis msih bimbang smoga ya kita semua sgera d lihat rezeki nya tdk d tunda","3","positif"
"https://youtu.be/WRxJGz-TA44?si=rfAIXKsyYvCPQPkk","@LeniFeby-e8z","Undang dr aisyah coba kk","3","2 weeks ago","False","undang dr aisyah coba kk","0","netral"
"https://youtu.be/WRxJGz-TA44?si=rfAIXKsyYvCPQPkk","@Lito1601","easy . 😌","0","2 weeks ago","False","easy","0","netral"
"https://youtu.be/WRxJGz-TA44?si=rfAIXKsyYvCPQPkk","@nobitata4764","Apa bedanya ekspetasi sama mengarahkan seseorang? ( Dalam konteks tujuan akhirnya)","0","2 weeks ago","False","apa beda ekspetasi sama arah orang konteks tuju akhir","0","netral"
"https://youtu.be/WRxJGz-TA44?si=rfAIXKsyYvCPQPkk","@belarahmawati2154","1. Mau dikenal dihidup sebagai apa
2. Minta pendapat 3 orng, tentang  3 hal terbaik dalam hidup nya
3. Just do it","0","2 weeks ago","False","mau kenal hidup apa minta dapat orang hal baik hidup nya just do it","1","positif"
"https://youtu.be/WRxJGz-TA44?si=rfAIXKsyYvCPQPkk","@zharahdhani","Titik kembali disini 33:51","0","2 weeks ago","False","titik sini","0","netral"
"https://youtu.be/WRxJGz-TA44?si=rfAIXKsyYvCPQPkk","@nenyou4655","Related banget, berada di lingkungan baru dengan orang-orang baru yang masalahnya reate dengan isi vidio ini. Aku harap akan banyak vidio yang berhubungan dengan psikolog.","0","2 weeks ago","False","related banget ada lingkung baru orang orang baru masalah reate isi vidio aku harap banyak vidio hubung psikolog","1","positif"
"https://youtu.be/WRxJGz-TA44?si=rfAIXKsyYvCPQPkk","@SitiNurAsiah-k5g","lagi sakit ka bilal ? lebih pucet keliatannya","0","2 weeks ago","False","sakit ka bilal lebih pucet liat","-1","negatif"
"https://youtu.be/WRxJGz-TA44?si=rfAIXKsyYvCPQPkk","@VQramdhan","Cara mengatasinya gimana untuk mengatasi ekspektasi yg banyak yg sudah di tanamkam itu,kan gak sesimple kalimat kembali ke diri sendiri,haddeh bukan di uluk malah udah masuk ke pertanyaan lain aja.🙆

Keliatan banget cuma ngafal pertanyaan nya,nggak natural 😢
Padahal narasumbernya bagus 🙆","2","2 weeks ago","False","cara atas gimana atas ekspektasi banyak tanamkam kan sesimple kalimat diri sendiri haddeh bukan uluk malah sudah masuk ke tanya aja liat banget cuma ngafal tanya nya natural padahal narasumber bagus","0","netral"
"https://youtu.be/WRxJGz-TA44?si=rfAIXKsyYvCPQPkk","@yantinurhayati8242","Mba anaaa🤗","0","2 weeks ago","False","mba anaaa","0","netral"
"https://youtu.be/WRxJGz-TA44?si=rfAIXKsyYvCPQPkk","@herawanprasetyo4851","Suamiku teman seumur hidupku😊 Masyaa Allah Lahaula walaikumsalam quwata illabillah....ya Allah semoga semua suami istri di dunia ini happy dan secure sama pasanganya","1","2 weeks ago","False","suami teman umur hidup masyaa allah lahaula walaikumsalam quwata illabillah allah moga semua suami istri dunia happy secure sama pasanganya","1","positif"
"https://youtu.be/WRxJGz-TA44?si=rfAIXKsyYvCPQPkk","@viztaputri4282","To my dearest child in the future..
Nak mungkin sekarang kita belum bisa bertemu karena bunda sedang mengusahakan segala nya.
Bunda sedang memantaskan diri memperbaiki diri supaya luka di masa lalu tidak akan menurun ke kamu.
Kedepan bunda usahakan tidak akan ada tuntutan di luar kemampuan mu, kau hanya fokus meraih mimpimu tanpa ada luka inner child yang menemani pertumbuhan mu.
Bunda memantaskan diri dulu ya nakk, memperkaya ilmu pengetahuan dan memperbaiki finansial ♡","51","2 weeks ago","False","to my dearest child in the future nak mungkin sekarang belum temu bunda sedang usaha segala nya bunda sedang pantas diri baik diri luka masa lalu akan turun kamu depan bunda usaha akan tuntut luar mampu mu kau fokus raih mimpi ada luka inner child tani tumbuh mu bunda pantas diri dulu nakk kaya ilmu tahu baik finansial","3","positif"
"https://youtu.be/WRxJGz-TA44?si=rfAIXKsyYvCPQPkk","@fitriannisa3517","Apa aku aja yang ngeliat ya kaka ini mirip Michelle Ziudith dri cara ngomong nya plek ketiplek🤭😌","0","2 weeks ago (edited)","False","apa aku aja ngeliat kaka mirip michelle ziudith dri cara ngomong nya plek ketiplek","-1","negatif"
"https://youtu.be/WRxJGz-TA44?si=rfAIXKsyYvCPQPkk","@BasoTahu-o3e","Saran bang... Minimal sediakan air minum","0","2 weeks ago","False","saran bang minimal sedia air minum","0","netral"
"https://youtu.be/WRxJGz-TA44?si=rfAIXKsyYvCPQPkk","@ikamerdekawati574","target kerjaan itu termasuk ekspektasi ga sih? stres banget🥲","0","2 weeks ago","False","target kerja masuk ekspektasi sih stres banget","1","positif"
"https://youtu.be/WRxJGz-TA44?si=rfAIXKsyYvCPQPkk","@fth_inayah","Relate lagi","0","2 weeks ago","False","relate","0","netral"
"https://youtu.be/WRxJGz-TA44?si=rfAIXKsyYvCPQPkk","@Nrlfauzaa18","Nah kata2 yg udah sekian kali aku dengar tp masih berusaha buat nanamin mindset ini dalam hidupku
""Kamu tidak harus sempurna untuk diterima oleh mereka. Mereka akan mencintaimu apa adanya""","37","2 weeks ago","False","nah kata sudah sekian kali aku dengar masih usaha buat nanamin mindset dalam hidup kamu harus sempurna terima mereka akan cinta apa ada","3","positif"
"https://youtu.be/WRxJGz-TA44?si=rfAIXKsyYvCPQPkk","@taufiknhidayat","Kamu tidak lemah, hanya pernah terikat luka dan takut ditinggal. Biarkan proses pulih berjalan perlahan, sebab dengan berani mengenali luka, kamu akan tumbuh menjadi jiwa yang kuat, sadar dan akhirnya mampu pergi dari hubungan yang tidak sehat.","2","2 weeks ago","False","kamu lemah pernah ikat luka takut tinggal biar proses pulih jalan perlahan dengan berani nali luka kamu tumbuh jadi jiwa kuat sadar akhir mampu pergi hubung tidak sehat","-1","negatif"
"https://youtu.be/WRxJGz-TA44?si=rfAIXKsyYvCPQPkk","@muu8644","Melatih Empati dan Toleransi 

Otak manusia dirancang atau terlatih untuk melacak perbedaan. Dalam peradaban orang-orang dulu, mereka melihat perbedaan itu dibutuhkan sebagai suatu antisipasi terhadap ancaman yang membahayakan dan bisa membunuh mereka, di zaman peradaban dulu. 

Jika kita duduk atau berdiri berdua dengan kawan kita misalnya, dalam waktu singkat orang akan melihat perbedaan kita. Orang tidak melihat persamaan kita. Padahal ada banyak persamaan kita tapi orang tidak notice. Misalnya mata kita sama jumlahnya, telinga kita, tangan dan kaki kita. 

Contoh pakai filosofi kue donat: lebih baik membahas kuenya, hal-hal yang sama, daripada sibuk memperdebatkan lubangnya yang belum tentu mutlak benar.

Di zaman ini, di mana kebutuhan untuk bekerjasama itu lebih penting, maka kita berusaha untuk melatih otak kita untuk lebih melihat persamaan dan 'mematikan' kecenderungan otak yang berlebihan dalam melacak perbedaan. Yaitu dengan cara melatih empati dan toleransi.","0","2 weeks ago","False","latih empati toleransi otak manusia rancang latih lacak beda adab orang orang dulu lihat beda butuh suatu antisipasi ancam bahaya bisa bunuh zaman adab dulu duduk diri dua kawan misal waktu singkat orang lihat beda orang lihat sama padahal banyak sama tapi orang notice misal mata sama jumlah telinga tangan kaki contoh pakai filosofi kue donat lebih baik bahas kue hal sama sibuk debat lubang belum mutlak benar di zaman di mana butuh bekerjasama lebih penting kita usaha latih otak kita untuk lebih lihat sama mati cenderung otak lebih lacak beda dengan cara latih empati toleransi","1","positif"
"https://youtu.be/WRxJGz-TA44?si=rfAIXKsyYvCPQPkk","@Wilson-lp3hw","Saran si bang, sblum podcast gini minimal netral in diri dlu, fokus sama lawan bicara dan imbangin obrolan.

Perbanyak kebiasaan komunikasi, dan ksih akses tenggelam dlam obrolan podcast ini.

Keliataan bgt si host ga fokus wkwkwk, kayak org lgi ga mood ngobrol tpi hrus ngobrol karena pekerjaan.","2","2 weeks ago","False","saran si bang sblum podcast gin minimal netral in diri dlu fokus sama lawan bicara imbangin obrol banyak biasa komunikasi ksih akses tenggelam dlam obrol podcast keliataan banget si host fokus wkwkwk kayak orang lgi mood ngobrol hrus ngobrol kerja","3","positif"
"https://youtu.be/WRxJGz-TA44?si=rfAIXKsyYvCPQPkk","@indoantiKKN","terimakasih ayah dan paman yang memberi aku jabatan","1","2 weeks ago","False","terimakasih ayah paman beri aku jabat","0","netral"
"https://youtu.be/WRxJGz-TA44?si=rfAIXKsyYvCPQPkk","@mramadhanmiftahurahman703","kena gini huhu","0","2 weeks ago (edited)","False","kena gin huhu","0","netral"
"https://youtu.be/WRxJGz-TA44?si=rfAIXKsyYvCPQPkk","@dwidianaulina4167","Terima kasih. 
🙂","0","2 weeks ago","False","terima kasih","2","positif"
"https://youtu.be/WRxJGz-TA44?si=rfAIXKsyYvCPQPkk","@wulannovianti2998","Relate banget sama apa yang disampaikan Kak Analisa tentang efikasi diri, karena aku juga sedang mengalami hal yang sama di kantor sebagai dampak dari leadership yang menurutku bias, jadi value aku bekerja skrg hanya berdasarkan gajiku saja (berangkat-kerja-pulang-gajian and repeat). Ditambah lagi POV Kak Bilal sebagai seseorang yang pernah bekerja part-time dengan tipe leader yang kurang komunikatif, aku jadi semakin merasa relate. Aku juga sempat mempertanyakan apakah sebenarnya aku yang toxic, karena ternyata memang ada tipe leadership yang kurang cocok dengan personal baggage masing-masing. Aku tipe orang yang merasa lebih nyaman kalau segala sesuatu sudah jelas sejak awal, sementara bosku punya pola komunikasi yang berbeda. Mungkin bukan berarti salah satu dari kami toxic, tapi memang cara kami berkomunikasi dan menghadapi sesuatu berbeda. Ditambah lagi, dia juga pasti punya personal baggage dan cara pandang sendiri yang memengaruhi gaya leadership-nya.","1","2 weeks ago","False","relate banget sama apa sampai kak analisa efikasi diri aku sedang alami sama kantor dampak leadership turut bias jadi value aku kerja sekarang dasar gaji berangkat kerja pulang gaji and repeat tambah pov kak bilal orang pernah kerja part time tipe leader kurang komunikatif aku jadi makin rasa relate aku sempat tanya benar aku toxic nyata memang tipe leadership kurang cocok personal baggage masing masing aku tipe orang rasa lebih nyaman kalau segala sudah jelas sejak awal bos punya pola komunikasi beda mungkin bukan arti salah satu toxic memang cara kami komunikasi hadap beda tambah dia pasti punya personal baggage cara pandang sendiri yang pengaruh gaya leadership nya","2","positif"
"https://youtu.be/WRxJGz-TA44?si=rfAIXKsyYvCPQPkk","@ElizaId","Iyaaa kak ya allah maaf udah bertahun'' ngikutin podcast Suara berkelas tapi nggak sadar kalau belum Subscribe😢","1","2 weeks ago","False","iyaaa kak allah maaf tahun ngikutin podcast suara kelas tidak sadar kalau subscribe","-1","negatif"
"https://youtu.be/WRxJGz-TA44?si=rfAIXKsyYvCPQPkk","@TasyaKuranti","aku sudah dititik mau resign karena trauma bentakan atasan yang sering, sedangkan aku tidak pernah sekalipun dibentak atau dimarahi oleh ayahku, aku merasa bosku toxic, namun setelah melihat podcast ini berpikir lagi mau resign apa ngga","4","2 weeks ago","False","aku titik mau resign trauma benta atas sering aku pernah sekalipun bentak marah ayah aku rasa bos toxic telah lihat podcast pikir mau resign apa","-2","negatif"
"https://youtu.be/WRxJGz-TA44?si=rfAIXKsyYvCPQPkk","@rezalupus598","Demotivated di tempat kerja karena kondisi sangat monoton serta minim apresiasi dari manajemen, hilang ketenangan, arah dan tujuan karena kekecewaan karena penghianatan yang terus berlangsung oleh orang terdekat, ekonomi yang cenderung menurun karena gali lobang tutup lobang. Hanya tersisa senyum cerah 2 buah hati. Bagaimana keluar dari lingkaran buruk ini diumur 40 tahun??","0","2 weeks ago (edited)","False","demotivated tempat kerja kondisi sangat monoton minim apresiasi manajemen hilang tenang arah tuju kecewa penghianatan terus langsung orang dekat ekonomi cenderung turun gali lobang tutup lobang sisa senyum cerah buah hati bagaimana keluar lingkar buruk umur tahun","-1","negatif"
"https://youtu.be/WRxJGz-TA44?si=rfAIXKsyYvCPQPkk","@triintanoktaviani9114","🙂‍↕️🫶","0","2 weeks ago","False","","1","positif"
"https://youtu.be/WRxJGz-TA44?si=rfAIXKsyYvCPQPkk","@rahmahasan5282","Aku kemarin nanya ke temen orjep “anakmu sekarang umur berapa” “paling besar 27 tahun” “kamu ga nyiruh anakmu untuk nikah” “engga, karena yang nanti akan menjalani kehidupan setelah menikah itu dia, bukan kita, dari nanti ngurus anak, harus ngatur rumah , pasti nanti yang pusing pasti dia, biarkan dia menikmati hidupnya mau nanti dia menikah ataupun tidak ga masalah itu hidup dia, yang penting dia bertanggung jawab dengan hidupnya sendiri 😢","98","2 weeks ago","False","aku kemarin nanya temen orjep anak sekarang umur berapa paling besar tahun kamu nyiruh anak nikah engga akan jalan hidup meni bukan dari ngurus anak ngatur rumah yang pusing biar nikmat hidup mau nanti dia meni atau tidak masalah hidup dia yang penting dia tanggung jawab hidup sendiri","-1","negatif"
"https://youtu.be/WRxJGz-TA44?si=rfAIXKsyYvCPQPkk","@hudaatreides7205","Dan aku selalu mau menjadi dan sudah terjadi 1 org itu di lingkaran kecil pertemananku 51:35","1","2 weeks ago","False","aku selalu mau jadi sudah jadi orang di lingkar kecil teman","0","netral"
"https://youtu.be/WRxJGz-TA44?si=rfAIXKsyYvCPQPkk","@septianacakadidy6548","Kamu hebat dari semua peran","0","2 weeks ago","False","kamu hebat semua peran","1","positif"
"https://youtu.be/WRxJGz-TA44?si=rfAIXKsyYvCPQPkk","@agustinakhaliq5386","kerenn banget podcastnya kali ini","1","2 weeks ago","False","kerenn banget podcastnya kali","1","positif"
"https://youtu.be/WRxJGz-TA44?si=rfAIXKsyYvCPQPkk","@erinriamardani","Kak kalau gak cocok dg atasan, bener bener jadinya bikin gak produktiv gak perform skill nya jadi malah menurun gt apakah ak juga termasuk tidak proffesional?😢","0","2 weeks ago","False","kak kalau cocok dg atas bener bener jadi bikin produktiv perform skill nya jadi malah turun gt ak masuk proffesional","-1","negatif"
"https://youtu.be/WRxJGz-TA44?si=rfAIXKsyYvCPQPkk","@DitaAyu-se6oy","Nasgor BJ PONOROGO  hadir selalu","1","2 weeks ago","False","nasgor bj ponorogo hadir selalu","0","netral"
"https://youtu.be/WRxJGz-TA44?si=rfAIXKsyYvCPQPkk","@AjunPramudika","yes","0","2 weeks ago","False","yes","0","netral"
"https://youtu.be/WRxJGz-TA44?si=rfAIXKsyYvCPQPkk","@subursalmon","Pangling sama mbak analisa..","0","2 weeks ago","False","pangling sama mbak analisa","0","netral"
"https://youtu.be/WRxJGz-TA44?si=rfAIXKsyYvCPQPkk","@umamsyahrul5008","👍","0","2 weeks ago","False","","1","positif"
"https://youtu.be/WRxJGz-TA44?si=rfAIXKsyYvCPQPkk","@Manuelferrera9117","Unfang Tara arts min please please please","1","2 weeks ago","False","unfang tara arts min please please please","0","netral"
"https://youtu.be/WRxJGz-TA44?si=rfAIXKsyYvCPQPkk","@windywijaya1173","Iya kan..... Trus ga usah suruh"" subscribe,, kalau orang mau,, ya akan otomatis... Toh yang nonton juga orang"" yg punya kesadaran","0","2 weeks ago","True","iya kan terus usah suruh subscribe kalau orang mau akan otomatis nonton orang yang punya sadar","0","netral"
"https://youtu.be/WRxJGz-TA44?si=rfAIXKsyYvCPQPkk","@wanzXpasep969","jgn kk kuatin aja mental mu insya allah pertahankn kerjaan mu skrng 
susah loh cri kerja skrng","0","2 weeks ago","True","jangan kk kuatin aja mental mu insya allah pertahankn kerja mu skrng susah loh cri kerja skrng","0","netral"
"https://youtu.be/WRxJGz-TA44?si=rfAIXKsyYvCPQPkk","@ameliasepti9532","Aku resign kak, per September awal ini😢 In this economy:

Aku memutuskan resign dari pekerjaan ku saat ini, demi kebaikan mental ku. Dan aku percaya kalau resign itu cuma kehilangan pekerjaan sementara, bukan rezeki ku. Karna sehat itu mahal

Semua kembali ke kondisi tubuh dan mental masing2, tidak perlu memaksakan apa yang dipaksakan","0","7 days ago","True","aku resign kak per september awal in this economy aku putus resign kerja ku ini baik mental ku aku percaya kalau resign cuma hilang kerja bukan rezeki ku sehat mahal semua ke kondisi tubuh mental masing perlu paksa apa paksa","1","positif"
"https://youtu.be/WRxJGz-TA44?si=rfAIXKsyYvCPQPkk","@IsnaMasruroh-p8l","​ @ameliasepti9532 hai ka saya bertahan 3 tahun akhirnya resign jga dari akhir april dn yq skrng menikmati hidup di desa asal dengan brlum bekerja seperti dlu yg ibaratnya dipandang","0","4 days ago","True","hai ka tahan tahun akhir resign jga akhir april dn yq skrng nikmat hidup desa asal brlum kerja dlu ibarat pandang","2","positif"
"https://youtu.be/WRxJGz-TA44?si=rfAIXKsyYvCPQPkk","@NurmaOktora-h2w","Afwan, ijin sharing..kalau saya pernah ada di posisi yg kurang lebih sama seperti kakak, Alhamdulillah di beri hidayah melalui teman, saya dianjurkan memperbaiki diri terlebih soal tauhid. Ini kalau kakak nya muslim ya","0","2 weeks ago","True","afwan ijin sharing kalau pernah posisi kurang lebih sama kakak alhamdulillah di beri hidayah lalu teman anjur baik diri lebih soal tauhid kalau kakak nya muslim","2","positif"
"https://youtu.be/WRxJGz-TA44?si=rfAIXKsyYvCPQPkk","@TaufikHidayat-wt9wb","Diperhatiin kok mirip luna maya kk ini suara ny mndakti jg 😅","0","2 weeks ago","False","diperhatiin kok mirip luna maya kk suara ny mndakti jg","0","netral"
"https://youtu.be/WRxJGz-TA44?si=rfAIXKsyYvCPQPkk","@namialus-e5w","ol","0","2 weeks ago","False","ol","0","netral"
"https://youtu.be/WRxJGz-TA44?si=rfAIXKsyYvCPQPkk","@masherutopan6555","Hadir","0","2 weeks ago","False","hadir","0","netral"
"https://youtu.be/WRxJGz-TA44?si=rfAIXKsyYvCPQPkk","@anggikha4636","aku kerenn sampe selesai nonton podcast ini hihi 😊","0","2 weeks ago","False","aku kerenn sampe selesai nonton podcast hihi","1","positif"
"https://youtu.be/WRxJGz-TA44?si=rfAIXKsyYvCPQPkk","@ruangsuaratia","Ngikutin mba ana dari lama dan subscribe chanel nya juga penyampaian mba ana selalu adem dan bikin tenang","0","2 weeks ago","False","ngikutin mba ana lama subscribe chanel nya sampai mba ana selalu adem bikin tenang","0","netral"
"https://youtu.be/WRxJGz-TA44?si=rfAIXKsyYvCPQPkk","@yantiyanti-h5w9e","Daging semua

AHA MOMENT :
-Selalu bergerak di setiap keadaan
-Miliki self awarenes","0","2 weeks ago","False","daging semua aha moment selalu gerak tiap ada milik self awarenes","0","netral"
"https://youtu.be/WRxJGz-TA44?si=rfAIXKsyYvCPQPkk","@Muhammadrifki123-t6n","Sama tgk zulfa kapan yayang ?","0","2 weeks ago","False","sama tgk zulfa kapan yayang","0","netral"
"https://youtu.be/WRxJGz-TA44?si=rfAIXKsyYvCPQPkk","@CristianoNatalioduri","Mas bilal,kenapa gk daftar ternak clip aja","0","2 weeks ago","False","mas bilal tidak daftar ternak clip aja","-1","negatif"
"https://youtu.be/WRxJGz-TA44?si=rfAIXKsyYvCPQPkk","@Nurulpalah-y2b","Dulu nge-fans banget sama mbak analisa, salah satu konten yang paling mengispirasi ku waktu itu, terkait inner child,,, sekarang ternyata udah makin luas yah pengetahuan dan pengalamannya, salut,,, 👍👍 makin nge-fans aku, semoga bisa ketemu🤭😁🤲","2","2 weeks ago","False","dulu nge fans banget sama mbak analisa salah satu konten paling mengispirasi ku waktu kait inner child sekarang nyata makin luas yah tahu alam salut makin nge fans aku moga ketemu","4","positif"
"https://youtu.be/WRxJGz-TA44?si=rfAIXKsyYvCPQPkk","@almarufhidayat7376","Temanku skrng hanya suami gak ada teman dekat..huu miris gak sih😢","1","2 weeks ago","False","teman skrng suami ada teman dekat huu miris sih","-1","negatif"
"https://youtu.be/WRxJGz-TA44?si=rfAIXKsyYvCPQPkk","@theblissynotes","realate banget perkara ""ekspektasi"". Aku baru lulus kuliah, dan semasa sekolah dan kuliah aku anak yang berprestasi sehingga keluarga terlalu banyak nyimpen ekspektasi besar ke aku. Dan sekarang posisinya belum dapat kerja, lagi burnout parah, takut keluarga kecewa ke aku:)","41","2 weeks ago","False","realate banget perkara ekspektasi aku baru lulus kuliah masa sekolah kuliah aku anak prestasi keluarga terlalu banyak nyimpen ekspektasi besar aku sekarang posisi dapat kerja burnout lebih takut keluarga kecewa aku","1","positif"
"https://youtu.be/WRxJGz-TA44?si=rfAIXKsyYvCPQPkk","@AlvitoDesu","Thx you suara berkelas","0","2 weeks ago","False","terima kasih you suara kelas","2","positif"
"https://youtu.be/WRxJGz-TA44?si=rfAIXKsyYvCPQPkk","@MunawarZikri-u8i","Sering2 buat konten sama psikolog bang","0","2 weeks ago","False","sering buat konten sama psikolog bang","0","netral"
"https://youtu.be/WRxJGz-TA44?si=rfAIXKsyYvCPQPkk","@yayanurcahyati4324","MaasyaAllah aku selalu suka dengan ka analisa menyampaikan.. Makasih kak bilal sudah berkenan menghadirkan beliau.","0","2 weeks ago","False","maasyaallah aku selalu suka ka analisa sampai terima kasih kak bilal kenan hadir beliau","3","positif"
"https://youtu.be/WRxJGz-TA44?si=rfAIXKsyYvCPQPkk","@ZicoAgustianRusdy","opening highlight subscriber-nya kaya DOAC, good good","0","2 weeks ago","False","opening highlight subscriber nya kaya doac good good","0","netral"
"https://youtu.be/WRxJGz-TA44?si=rfAIXKsyYvCPQPkk","@etonraudatulfbt2199","yang gue heranin di indonesia ini kok bisa mereka suruh orang bekerja diluar dari jobdesk nya, dengan alesan minta tolong.","1","2 weeks ago","False","saya heranin indonesia kok mereka suruh orang kerja luar jobdesk nya alesan minta","2","positif"
"https://youtu.be/WRxJGz-TA44?si=rfAIXKsyYvCPQPkk","@Aansopandi-z8o","staytuned di channel SUARA BERKELAS...mantapz..🎧🚬☕🤝","1","2 weeks ago","False","staytuned channel suara kelas mantapz","0","netral"
"https://youtu.be/WRxJGz-TA44?si=rfAIXKsyYvCPQPkk","@muhammadyumnaiffatrabbani5927","Sangarr ini episode 🤟🏻","0","2 weeks ago","False","sangarr episode","0","netral"
"https://youtu.be/WRxJGz-TA44?si=rfAIXKsyYvCPQPkk","@kurniachandra7833","Berasa lagi konseling pribadi, krn persis dgn keadaan diriku skrg","1","2 weeks ago","False","asa konseling pribadi persis ada diri sekarang","0","netral"
"https://youtu.be/WRxJGz-TA44?si=rfAIXKsyYvCPQPkk","@niayliawow509","Suka bgt sama penyampaian ka analisa, seperti di kontennya sendiri, ringan, mudah dimengerti, halus, tertata banget, dan ngena","0","2 weeks ago (edited)","False","suka banget sama sampai ka analisa di konten sendiri ringan mudah erti halus tata banget ngena","3","positif"
"https://youtu.be/WRxJGz-TA44?si=rfAIXKsyYvCPQPkk","@syifavoiceover8154","GA miris kaka, justrus bangga...Karena Aku juga.❤","0","2 weeks ago","True","miris kaka justrus bangga aku","2","positif"
"https://youtu.be/WRxJGz-TA44?si=rfAIXKsyYvCPQPkk","@kaneishia","sama kak, bedanya aku langsung kerja tp gaji gak sesuai ekspektasi keluarga. pada akhirnya aku sadar, jalan apapun yang lagi kita hadapi hari ini, tetap ada celahnya di mata orang lain","9","2 weeks ago","True","sama kak beda aku langsung kerja gaji sesuai ekspektasi keluarga akhir aku sadar jalan apa lagi hadap hari tetap celah mata orang","1","positif"
"https://youtu.be/WRxJGz-TA44?si=rfAIXKsyYvCPQPkk","@alfiahlys3218","Kak, aku pernah merasakan posisi mu","0","2 days ago","True","kak aku pernah rasa posisi mu","0","netral"
"https://youtu.be/WRxJGz-TA44?si=rfAIXKsyYvCPQPkk","@mzyansyah","Semangat ka","1","2 weeks ago","True","semangat ka","1","positif"
"https://youtu.be/WRxJGz-TA44?si=rfAIXKsyYvCPQPkk","@firnandatriwahyuni5504","Kak sama","0","4 days ago","True","kak sama","0","netral"
"https://youtu.be/WRxJGz-TA44?si=rfAIXKsyYvCPQPkk","@Ivanovichhenko","14:03 valid lagi gw banget ini, ortu gw apa apa selalu punya mindset begini, kalo udh sukses udh nikah, gw tetep harus biayain adek adek gw kuliah dan ortu gw hidup, kalo gak berhasil ya gagal","7","2 weeks ago","False","valid banget ortu apa apa selalu punya mindset begini kalo sukses nikah tetep biayain adek adek kuliah ortu saya hidup kalo hasil gagal","1","positif"
"https://youtu.be/WRxJGz-TA44?si=rfAIXKsyYvCPQPkk","@gabeharahap","10 tahun lalu merasa tidak otentik, maaf kak...aku liat itu di dirimu sejak dulu, alhamdulillah sudah aware..selamat bertumbuh, kamu tambah keren sekarang","6","2 weeks ago","False","tahun lalu rasa otentik maaf kak aku liat di diri sejak dulu alhamdulillah aware selamat tumbuh kamu tambah keren sekarang","2","positif"
"https://youtu.be/WRxJGz-TA44?si=rfAIXKsyYvCPQPkk","@EghyVDjaya","Mendengarkan podcast ini dengan kondisi yg kebetulan sedang ""burn out"", rasanya ada validasi yg saya temukan di sini. Pengakuan bahwa entah berapa banyak saya menghadirkan orang lain dalam diri saya, berikut masalahnya & pemenuhan ekspektasi. Semuanya bermuara pada satu aktualisasi: dampaknya diri saya semakin sedikit. Nyaris habis. Semakin tidak menemukan keberadaan 'saya' sendiri. Terima kasih obrolannya, semoga saya terus dapat belajar.","7","2 weeks ago","False","dengar podcast dengan kondisi betul sedang burn out rasa validasi temu sini aku entah berapa banyak hadir orang dalam diri ikut masalah penuh ekspektasi semua muara satu aktualisasi dampak diri makin sedikit nyaris habis makin temu ada sendiri terima kasih obrol moga saya terus ajar","2","positif"
"https://youtu.be/WRxJGz-TA44?si=rfAIXKsyYvCPQPkk","@yumnn2033","Seneng banget disini menyinggung masalah sistemik yang saya rasa sangat relate dengan kondisi negara kita saat ini.","0","2 weeks ago","False","neng banget sini singgung masalah sistemik saya rasa sangat relate kondisi negara saat","2","positif"
"https://youtu.be/WRxJGz-TA44?si=rfAIXKsyYvCPQPkk","@waidiakbar3178","iya betul, budaya sopan santun Inggris tingi sekali. Jangan lupa bilang thanks, dan please..., jika masuk ruang siapa pun yang paling depan otomatis menahan daun pintu sampai semua orang yang di belakangnya masuk semua. Begitu ketika saya sempat belajar di Leicester.","1","2 weeks ago","False","iya betul budaya sopan santun inggris tingi sekali jangan lupa bilang terima kasih please masuk ruang siapa paling depan otomatis tahan daun pintu semua orang yang belakang masuk semua ketika sempat ajar di leicester","4","positif"
"https://youtu.be/WRxJGz-TA44?si=rfAIXKsyYvCPQPkk","@Dolcesanti7878","Gampang. Jadi Diri sendiri lakukan yang kamu happy. Pilih picky teman kerja yg positif vibes. Jauuhi orang sombong bad vibes. Krn isinya cuma nularin emosi ga penting. Iya kesannya kok gitu. Hm happy my mind my brain lebih penting untuk hidupku. Daripada capek berurusan yg ga bagus buat hidupmu","2","2 weeks ago (edited)","False","gampang jadi diri sendiri laku kamu happy pilih picky teman kerja positif vibes jauuhi orang sombong bad vibes isi cuma nularin emosi penting iya kesan kok gitu hm happy my mind my brain lebih penting hidup capek urus tidak bagus buat hidup","-3","negatif"
"https://youtu.be/WRxJGz-TA44?si=rfAIXKsyYvCPQPkk","@putrinirnaw","masyaallah skripsiku juga bahas itu wkwk efikasi diri sama resiliensi dari sudut pandang anak manajemen fokusnya ke sdm. takut bgt ksripsiku salah hihi tp ya udahlah udah selesai juga:)","0","2 weeks ago (edited)","False","masyaallah skripsi bahas wkwk efikasi diri sama resiliensi sudut pandang anak manajemen fokus sdm takut banget ksripsiku salah hihi ya udahlah selesai","0","netral"
"https://youtu.be/WRxJGz-TA44?si=rfAIXKsyYvCPQPkk","@dalhar_jepara","Suka dengan pembahasan yang relate. semakin menguatkan keyakinan, semacam pupuk yang dibutuhkan untuk tumbuh. terima kasih ka","3","2 weeks ago","False","suka bahas relate makin kuat yakin macam pupuk butuh tumbuh terima kasih ka","3","positif"
"https://youtu.be/WRxJGz-TA44?si=rfAIXKsyYvCPQPkk","@SondangStmg1721","Keyakinan sama diri sendiri ❤","0","2 weeks ago","False","yakin sama diri sendiri","1","positif"
"https://youtu.be/WRxJGz-TA44?si=rfAIXKsyYvCPQPkk","@KeluargaArindra","Suka banget dg podcast2 berbobot macam ini❤","0","2 weeks ago","False","suka banget dg podcast bobot macam","3","positif"
"https://youtu.be/WRxJGz-TA44?si=rfAIXKsyYvCPQPkk","@mr.shaibi01","Hehe hanya orang2 yg nyesel ga cobaGa ruda Ho ki gampang bgt dapetr free spin nya😊","0","2 weeks ago","False","hehe orang nyesel cobaga ruda ho ki gampang banget dapetr free spin nya","1","positif"
"https://youtu.be/WRxJGz-TA44?si=rfAIXKsyYvCPQPkk","@unad5253","cantik bgt","0","2 weeks ago","False","cantik banget","2","positif"
"https://youtu.be/WRxJGz-TA44?si=rfAIXKsyYvCPQPkk","@jajangnurjaman5712","Suara berkelas emang keren2 narasumbernya","0","2 weeks ago","False","suara kelas emang keren narasumber","1","positif"
"https://youtu.be/WRxJGz-TA44?si=rfAIXKsyYvCPQPkk","@nurridhasoekanda4776","Oh iya. Saya juga belim subscribe. Padahal suka nonton kontennya","3","2 weeks ago","False","iya juga belim subscribe padahal suka nonton konten","1","positif"
"https://youtu.be/WRxJGz-TA44?si=rfAIXKsyYvCPQPkk","@yawizhe","Setuju, temen SMP yg menurutku paling nyaman, tp  mereka uda jauh 😢","0","2 weeks ago","False","tuju temen smp turut paling nyaman mereka uda jauh","-1","negatif"
"https://youtu.be/WRxJGz-TA44?si=rfAIXKsyYvCPQPkk","@laksitagamar6896","setuju banget yg paling penting dalam hidup kita itu awarness atau kesadaran","3","2 weeks ago","False","tuju banget paling penting hidup itu awarness sadar","1","positif"
"https://youtu.be/WRxJGz-TA44?si=rfAIXKsyYvCPQPkk","@RidhaBummie","saya sudah masuk kesini, berusaha ngak iri dengan pencapaian orang.. ingin fokus ke diri dan tenaga diri di umur 30 tahun ini","35","2 weeks ago","False","sudah masuk kesini usaha ngak iri capai orang fokus diri tenaga diri umur tahun","0","netral"
"https://youtu.be/WRxJGz-TA44?si=rfAIXKsyYvCPQPkk","@idafitria1173","Terimakasih podcast yang mengajari hal yang selama ini susah di sembuhkan 😢❤❤❤❤","0","2 weeks ago","False","terimakasih podcast ajar yang lama susah sembuh","2","positif"
"https://youtu.be/WRxJGz-TA44?si=rfAIXKsyYvCPQPkk","@liesaherliyani3508","Aku suka kata kata di 48:53😘😘","0","2 weeks ago","False","aku suka kata kata","3","positif"
"https://youtu.be/WRxJGz-TA44?si=rfAIXKsyYvCPQPkk","@RFishingBackpacker","Daging semua isinya.tanpa tulang..","0","2 weeks ago","False","daging semua isi tulang","0","netral"
"https://youtu.be/WRxJGz-TA44?si=rfAIXKsyYvCPQPkk","@themorgan96","Kak ..
Tenryata aku ga sendiri..","1","2 weeks ago","True","kak tenryata aku sendiri","0","netral"
"https://youtu.be/WRxJGz-TA44?si=rfAIXKsyYvCPQPkk","@Umihani-xw7pk","aq juga k,, 😢","1","2 weeks ago","True","aku k","-1","negatif"
"https://youtu.be/WRxJGz-TA44?si=rfAIXKsyYvCPQPkk","@caturajipangestu3688","Tapi susah buat gak iri sama orang karena tiap hari ketemu orang 😢","1","2 weeks ago","True","susah buat iri sama orang tiap hari ketemu orang","-2","negatif"
"https://youtu.be/WRxJGz-TA44?si=rfAIXKsyYvCPQPkk","@Januarmirza","Apakah ekspektasi org tua atau lingkungan membuat org jadi koruptor.. dengan uang banyak hidup akan bahagia?? Benang merahnya terlalu orientasinya ttng uang byk...","0","2 weeks ago","False","ekspektasi orang tua lingkung buat orang jadi koruptor uang banyak hidup bahagia benang merah terlalu orientasi ttng uang banyak","1","positif"
"https://youtu.be/WRxJGz-TA44?si=rfAIXKsyYvCPQPkk","@RidhoMuli","13:50","0","2 weeks ago","False","","0","netral"
"https://youtu.be/WRxJGz-TA44?si=rfAIXKsyYvCPQPkk","@LaeliNur-y7v","Ini smua jawaban yg Sy cari selama ini masyaallah ❤","0","2 weeks ago","False","smua jawab saya cari lama masyaallah","1","positif"
"https://youtu.be/WRxJGz-TA44?si=rfAIXKsyYvCPQPkk","@MuhammadEfendi-b1l","Aku udah subscribe ya bang 😊","0","2 weeks ago","False","aku subscribe bang","1","positif"
"https://youtu.be/WRxJGz-TA44?si=rfAIXKsyYvCPQPkk","@trisniulandtary","Aq baru sadar aku pelit kediri aku sndiri, krna dulu ortuq sukses trus bangkrut, bhkan dulu utk skolahpun susah bgt utk dpt uang saku... Skrg aq obses utk nabung tp dsaat suamiq judol, aq bner2 bantu sampe habis2an, skrg kepercayaanku habis, hatiku hancur, bner2 depresi... Ngerasa rendah diri smpe bbrp kali kpikiran pgn bundir... Skrg suamiq krja di LN, udah 8bulan kita gak kontakan,","6","2 weeks ago","False","aku baru sadar aku pelit diri aku sndiri krna dulu ortuq sukses terus bangkrut bhkan dulu utk skolahpun susah banget utk dpt uang saku sekarang aku obses utk nabung dsaat suamiq judol aku bner bantu sampe habis an sekarang percaya habis hati hancur bner depresi ngerasa rendah diri smpe bbrp kali kpikiran pgn bundir sekarang suamiq krja ln bulan tidak kontak","-1","negatif"
"https://youtu.be/WRxJGz-TA44?si=rfAIXKsyYvCPQPkk","@erniharahap-r3q","Salah satu psikolog kesayangan aku,❤","1","2 weeks ago","False","salah satu psikolog sayang aku","1","positif"
"https://youtu.be/WRxJGz-TA44?si=rfAIXKsyYvCPQPkk","@zeehaza7565","Akhirnya mba Ana 🤍🤍🤍","0","2 weeks ago","False","akhir mba ana","0","netral"
"https://youtu.be/WRxJGz-TA44?si=rfAIXKsyYvCPQPkk","@RzkyFrmnsyh.12","Kunci utama untuk mengatasi masalah emosional adalah memiliki kesadaran diri. Kita perlu menyadari ""tombol"" emosi kita agar tidak terjebak dalam pola stres yang berulang.","5","2 weeks ago","False","kunci utama atas masalah emosional milik sadar diri perlu sadar tombol emosi agar jebak pola stres ulang","-1","negatif"
"https://youtu.be/WRxJGz-TA44?si=rfAIXKsyYvCPQPkk","@elolalayla","Orang yang berselingkuh adalah orang yang kehilangan arah hidupnya.dia tidak tau arah hidupnya mau kemana,orang yang berselingkuh tidak mencintai selingkuhanya sebenarnya dia mencintai dirinya dengan versi yang dia inginkan,versi terbaik yang dia anggap keren di samping selingkuhanya. Ngena banget ya dengan kata kata ini","167","2 weeks ago","False","orang selingkuh orang hilang arah hidup tau arah hidup mau orang selingkuh tidak cinta selingkuhanya benar cinta diri versi dia ingin versi baik dia anggap keren samping selingkuhanya ngena banget dengan kata kata","4","positif"
"https://youtu.be/WRxJGz-TA44?si=rfAIXKsyYvCPQPkk","@Thomasdisini","Hm","0","2 weeks ago","False","hm","0","netral"
"https://youtu.be/WRxJGz-TA44?si=rfAIXKsyYvCPQPkk","@rahmansatrio8112","saya sudah suscribe kak bilal","0","2 weeks ago","False","sudah suscribe kak bilal","0","netral"
"https://youtu.be/WRxJGz-TA44?si=rfAIXKsyYvCPQPkk","@jjong.namu.park26","1:06:00 note !!!","1","2 weeks ago","False","note","0","netral"
"https://youtu.be/WRxJGz-TA44?si=rfAIXKsyYvCPQPkk","@KirikananMampos","Kaya gmna ya pikiran kita... kaya kerja tapi ga ngelakuin apa apa untuk diri kita lebih baik kedepannya. 
Aku pasrahkan ini semuanya 😢","12","2 weeks ago","False","kaya gmna pikir kaya kerja tidak ngelakuin apa apa diri lebih baik depan aku pasrah semua","1","positif"
"https://youtu.be/WRxJGz-TA44?si=rfAIXKsyYvCPQPkk","@KirikananMampos","Caranya gimana si mas agar kita bisa nyaman sama hidup yg sebenarnya kita gamau. 

Misalnya kita kerja dengan gtu gtu aja nerima gajih. 
Belom pikiran kita selalu overtingking, belom ketemu orang"" yg kaya tai lah di dunia pekerjaan. Toxic npd parah dah mas. 
Ini jujur yg saya alamin walaupun saya cerita pengalaman diri saya sendiri 😢🫨🥹🥲","0","2 weeks ago","False","cara gimana si mas nyaman sama hidup benar gamau misal kerja gtu gtu aja nerima gajih pikir kita selalu overtingking ketemu orang kaya tai lah dunia kerja toxic npd lebih mas jujur alamin walaupun cerita alam diri saya sendiri","1","positif"
"https://youtu.be/WRxJGz-TA44?si=rfAIXKsyYvCPQPkk","@alamfirdausheriza7660","ketika psikolog memerlukan psikolog","3","2 weeks ago","False","psikolog perlu psikolog","0","netral"
"https://youtu.be/WRxJGz-TA44?si=rfAIXKsyYvCPQPkk","@KirikananMampos","Tapi sedih jga si mas aku kira dewasa itu menyenangkan dan ternyata setelah umur aku meranjak 20 aku baru sadar banyak ekptesasi di kepalaku, dari orang tua tentang masa depan. Pekerjaan yg gtu gtu aja sedih banget mas aseli 😢😢","11","2 weeks ago","False","sedih jga si mas aku kira dewasa senang nyata umur aku meranjak aku baru sadar banyak ekptesasi kepala orang tua masa depan kerja gtu gtu aja sedih banget mas aseli","-2","negatif"
"https://youtu.be/WRxJGz-TA44?si=rfAIXKsyYvCPQPkk","@KirikananMampos","Yah kalo ilang arah ada gps wkwk","0","2 weeks ago","False","yah kalo ilang arah gps wkwk","0","netral"
"https://youtu.be/WRxJGz-TA44?si=rfAIXKsyYvCPQPkk","@mamd777","daginggg bangettt nihhh 🔥🔥","0","2 weeks ago","False","daginggg bangettt nihhh","2","positif"
"https://youtu.be/WRxJGz-TA44?si=rfAIXKsyYvCPQPkk","@nuri_amri","Love with this session ❤❤❤","1","2 weeks ago","False","love with this session","3","positif"
"https://youtu.be/WRxJGz-TA44?si=rfAIXKsyYvCPQPkk","@LilisSyann9","Mas Bilal disini agak salting dikit ya, terlalu nyaman ya mas😅","0","2 weeks ago","False","mas bilal sini salting dikit terlalu nyaman mas","0","netral"
"https://youtu.be/WRxJGz-TA44?si=rfAIXKsyYvCPQPkk","@titihratih8942","Ya Alloh, gak mudah jadi kaka, tapi saya yakin kaka kuat, apalagi udah denger podcast ini
Semoga Alloh menguatkan Kaka, InshaAllah kedepan nya lebih baik dalam segala hal🤲","1","2 weeks ago","True","alloh mudah jadi kaka saya yakin kaka kuat sudah denger podcast moga alloh kuat kaka inshaallah depan nya lebih baik segala","1","positif"
"https://youtu.be/WRxJGz-TA44?si=rfAIXKsyYvCPQPkk","@trisniulandtary","​ @titihratih8942 makasi kk, sbnernya kluargaku sllu support tp aku trllu malu utk crita, temen2 udah punya klrga masing2, gak mgkin aku repotin utk dger critaku, bhkan utk kepsikolog aku trllu kasian utk ngeluarin duit, aku sllu mengalah pdhl gada yg minta utk aku nyerah sama diri aku sndiri. Aku sllu mendahulukan anak2, kluarga, tp utk diri sndiri aku sllu mengalah. Trnyata aku emank sakit didalam","0","2 weeks ago","True","makas kk sbnernya kluargaku sllu support aku trllu malu utk crita temen punya klrga masing mgkin aku repotin utk dger critaku bhkan utk psikolog aku trllu kasi utk ngeluarin duit aku sllu kalah pdhl gada minta utk aku nyerah sama diri aku sndiri aku sllu dahulu anak kluarga utk diri sndiri aku sllu kalah trnyata aku emank sakit dalam","-1","negatif"
"https://youtu.be/WRxJGz-TA44?si=rfAIXKsyYvCPQPkk","@AsfiaMasfufah-r9j","Semangat kakk","0","2 weeks ago","True","semangat kakk","1","positif"
"https://youtu.be/WRxJGz-TA44?si=rfAIXKsyYvCPQPkk","@trisniulandtary","​ @AsfiaMasfufah-r9j makasi kk","0","13 days ago","True","r j makas kk","0","netral"
"https://youtu.be/WRxJGz-TA44?si=rfAIXKsyYvCPQPkk","@yukirinn2526","Boong","0","2 weeks ago","True","boong","0","netral"
"https://youtu.be/WRxJGz-TA44?si=rfAIXKsyYvCPQPkk","@Ahemku88Ahem","​ @yukirinn2526 🤣","0","10 days ago","True","","1","positif"
"https://youtu.be/WRxJGz-TA44?si=rfAIXKsyYvCPQPkk","@AldhyArzullyant","Apasih jamet","0","2 weeks ago","True","apasih jamet","0","netral"
"https://youtu.be/WRxJGz-TA44?si=rfAIXKsyYvCPQPkk","@AriEfendi-w8z","Percayalah kamu yang merasa gitu gitu aja adalah sesuatu yang beberapa orang harapkan. Punya harapan boleh saja tapi untuk menyesali kehidupan hari ini juga tidak bisa dibenarkan. Fase dan pencapaian setiap orang itu berbeda-beda. Dengan langkah dan gerakan kita sebenarnya kita sudah mendapatkan pencapaian kecil yang belum tampak di mata kita. Keep moving kak.","2","2 weeks ago","True","percaya kamu rasa gitu gitu aja sesuatu beberapa orang harap punya harap saja untuk sali hidup hari juga bisa benar fase capai orang beda beda langkah gera benar sudah dapat capai kecil belum tampak mata keep moving kak","-1","negatif"
"https://youtu.be/WRxJGz-TA44?si=rfAIXKsyYvCPQPkk","@kintaniakaramina2880","28:56 ""kita gak pernah tau sampai kita ada di kaki orang itu"" , part ini langsung deg! oh iya betul yaa..","1","2 weeks ago","False","tidak pernah tau kita di kaki orang part langsung deg iya betul yaa","0","netral"
"https://youtu.be/WRxJGz-TA44?si=rfAIXKsyYvCPQPkk","@hensofficial4940","40:10 Ngobrol daan cerita sana diri sendiri untuk tau trauama dan sadar","3","2 weeks ago","False","ngobrol daan cerita sana diri sendiri tau trauama sadar","0","netral"
"https://youtu.be/WRxJGz-TA44?si=rfAIXKsyYvCPQPkk","@danisaurusssss","""nak, ibumu sedang invest pengetahuan dan wawasan untuk jangka panjang dimulai dari nyari ilmu termasuk di podcast ini. ibu berusaha kontrol diri, regulasi emosi, belajar parenting, belajar memahami emosi, dll. one day, ibu mungkin ga sempurna tapi ibu akan usahakan menjadi orang tua yang selalu ada untuk kamu. jangan bandel yaaaa, semoga ibu ga menerapkan parenting voc ya nak wkwkwk""","691","2 weeks ago (edited)","False","nak ibu sedang invest tahu wawas jangka panjang mulai nyari ilmu masuk podcast ibu usaha kontrol diri regulasi emosi ajar parenting ajar paham emosi one day ibu mungkin sempurna ibu usaha jadi orang tua selalu untuk kamu jangan bandel yaaaa moga ibu terap parenting voc nak wkwkwk","1","positif"
"https://youtu.be/WRxJGz-TA44?si=rfAIXKsyYvCPQPkk","@SuhefiOktarian","yeyy kak analisa...","0","2 weeks ago","False","yeyy kak analisa","0","netral"
"https://youtu.be/WRxJGz-TA44?si=rfAIXKsyYvCPQPkk","@hadikhoirudin103","Mungkin kedepanya diberikan kesempatan bisa tanya ke Mbk Analisa...
Pingin tanya ketika pasangan kayak mbk analisa yg sudah satlle secara  ekonomi dan ilmu dari pasangan suami istri, apakah dalam menjalankan kehidupan rumah tangga mbk analisa zero permasalahan/totaliy bahagia .. dan apalagi yg masih mau dicari dalam kehidupan kedepannya","0","2 weeks ago","False","mungkin depa beri sempat tanya mbk analisa pingin tanya pasang kayak mbk analisa sudah satlle ekonomi ilmu pasang suami istri jalan hidup rumah tangga mbk analisa zero masalah totaliy bahagia apalagi masih mau cari dalam hidup depan","1","positif"
"https://youtu.be/WRxJGz-TA44?si=rfAIXKsyYvCPQPkk","@GustienJastin","Bang undang teh feby","0","2 weeks ago","False","bang undang teh feby","0","netral"
"https://youtu.be/WRxJGz-TA44?si=rfAIXKsyYvCPQPkk","@najlajihan8008","Yeayy ada mba anaaaa❤❤❤❤❤","0","2 weeks ago","False","yeayy mba anaaaa","5","positif"
"https://youtu.be/WRxJGz-TA44?si=rfAIXKsyYvCPQPkk","@AgusKurniawan-t2u","Jaman sekarang ekonomi pada susah pada pelitt ke uang😊efisiensi hemat uang jadi pada sepi sepi bosss😊","1","2 weeks ago","False","jaman sekarang ekonomi susah pelitt uang efisiensi hemat uang jadi sepi sepi bosss","1","positif"
"https://youtu.be/WRxJGz-TA44?si=rfAIXKsyYvCPQPkk","@taufiknhidayat","Bagi yang sedang memilih jodoh

Bayangkan diri Anda masuk ke sebuah supermarket jodoh. Supermarket ini tidak diketahui ada berapa lantai. Aturannya, lantai teratas yang Anda kunjungi adalah lantai kosong. Tak ada lagi jodoh tersedia di situ. Dari situ Anda harus keluar, tidak boleh turun kembali ke lantai sebelumnya.

Di lantai pertama, bagi perempuan Anda menemukan seorang laki-laki yang wajah maupun perawakannya biasa saja. Ia laki-laki yang baik, tapi tidak ada kebaikan khusus yang menonjol padanya. Karirnya pun biasa saja, ia tidak kaya, tapi cukup untuk hidup sederhana. Anda merasa ingin mencari yang lebih baik, maka Anda naik ke lantai berikutnya. 

Di lantai 2 Anda menemukan seorang laki-laki yang cukup tampan, badannya pun cukup atletis. Ia sudah hidup lumayan mapan, punya rumah, punya mobil. Ia pun taat beragama. Sepertinya ia juga seorang penyayang terhadap anak-anak. Anda merasa masih belum puas dengan calon ini. Anda naik ke lantai berikutnya.

Di lantai 3 Anda bertemu dengan pengusaha muda yang sukses. Ia tidak kaya raya, tapi hartanya sudah lebih dari cukup untuk menjalankan kehidupan. Ia pun tampan, lerawakan atletis. Ia juga punya ilmu agama yang mendalam. Lebih dari itu, ia pandai memasak, dan mau berbagi dalam pekerjaan rumah tangga.

Begitu seterusnya. Untuk laki-laki pun begitu. Makin tinggi lantai supermarket yang Anda datangi, makin bagus kualitas calon yang tersedia di sana, membuat Anda jadi penasaran, calon seperti apa yang ada di lantai yang lebih tinggi.

Tapi ingat, Anda tidak tahu apakah selalu ada lantai yang lebih tinggi setelah lantai di mana Anda berada sekarang. Boleh jadi bila Anda naik satu lantai lagi, itu adalah lantai kosong, lantai terakhir Anda. 

Apa yang akan Anda lakukan? Di lantai berapa Anda akan memutuskan untuk memilih calon dan menikah? Apakah Anda akan memilih secepatnya, atau Anda akan naik ke lantai yang lebih baik lagi? Bagaimana bila ternyata ketika naik ke lantai yang lebih tinggi, ternyata itu adalah lantai kosong?

Banyak orang mengira bahwa keberhasilan pernikahan ditentukan sebelum pernikahan. Calonnya baik, maka baiklah rumah tangganya. Tidak. Keberhasilan pernikahan ditentukan setelah orang menikah. Pernikahan bukanlah soal dua orang baik bertemu, membangun rumah tangga yang baik. Pernikahan adalah soal dua orang dengan kebaikan dan keburukan, bekerja sama membangun rumah tangga yang baik. Perjuangannya adalah sama-sama berubah untuk membangun sesuatu yang baik.

Jadi, keberhasilan pernikahan tidak ditentukan oleh seberapa baik calon suami atau calon istri. Namun ia ditentukan oleh seberapa baik keduanya bekerja sama setelah menikah.","0","2 weeks ago","False","sedang pilih jodoh bayang diri masuk buah supermarket jodoh supermarket tahu berapa lantai atur lantai atas kunjung lantai kosong tak jodoh sedia situ situ harus keluar turun lantai belum lantai pertama perempuan temu orang laki laki wajah maupun awa biasa laki laki baik baik khusus tonjol pada karirnya biasa kaya cukup hidup sederhana rasa cari lebih baik naik lantai ikut lantai temu orang laki laki cukup tampan badan cukup atlet hidup lumayan mapan punya rumah punya mobil taat agama seperti juga orang sayang anak anak rasa belum puas calon naik lantai ikut lantai temu usaha muda sukses tidak kaya raya harta sudah lebih cukup jalan hidup pun tampan lawa atlet ia juga punya ilmu agama dalam lebih ia pandai masak mau bagi kerja rumah tangga terus laki laki pun begitu makin tinggi lantai supermarket datang makin bagus kualitas calon sedia sana buat jadi penasaran calon apa lantai lebih tinggi ingat tidak tahu selalu ada lantai lebih tinggi lantai mana ada sekarang boleh jadi bila anda naik satu lantai itu lantai kosong lantai akhir anda apa anda laku lantai berapa anda putus pilih calon meni anda akan pilih cepat anda akan naik lantai lebih baik lagi bagaimana bila nyata naik ke lantai lebih tinggi nyata itu lantai kosong banyak orang ira hasil nikah tentu nikah calon baik baik rumah tangga tidak hasil nikah tentu orang meni nikah bukan soal orang baik temu bangun rumah tangga baik nikah soal orang baik keburu kerja sama bangun rumah tangga yang baik juang adalah sama sama ubah bangun yang baik jadi hasil nikah tidak tentu berapa baik calon suami calon istri ia tentu berapa baik dua kerja sama meni","21","positif"
"https://youtu.be/WRxJGz-TA44?si=rfAIXKsyYvCPQPkk","@jjong.namu.park26","Yeahh, Kak Analisa.. i love her 🎉❤","2","2 weeks ago","False","yeahh kak analisa i love her","2","positif"
"https://youtu.be/WRxJGz-TA44?si=rfAIXKsyYvCPQPkk","@yuk69_tv","Masyaallah ❤
salam dari yuk69","278","2 weeks ago","False","masyaallah salam yuk","1","positif"
"https://youtu.be/WRxJGz-TA44?si=rfAIXKsyYvCPQPkk","@wellywicaksana3426","❤🔥","0","2 weeks ago","False","","2","positif"
"https://youtu.be/WRxJGz-TA44?si=rfAIXKsyYvCPQPkk","@mirnamonika23","Kak triamkasih sudah menguatkan diri ❤. Mari menjadi aktor dan bertanggung jawab bagi hidup diri sendiri.","5","2 weeks ago","False","kak triamkasih kuat diri jadi aktor tanggung jawab hidup diri sendiri","1","positif"
"https://youtu.be/WRxJGz-TA44?si=rfAIXKsyYvCPQPkk","@ifahyuki2423","Mba anaa❤","0","2 weeks ago","False","mba anaa","1","positif"
"https://youtu.be/WRxJGz-TA44?si=rfAIXKsyYvCPQPkk","@vinnnew6480","Kenapa banyak komentar judol😅","1","2 weeks ago","False","banyak komentar judol","0","netral"
"https://youtu.be/WRxJGz-TA44?si=rfAIXKsyYvCPQPkk","@Arief-e9e","🌠Jangan biarkan hatimu menyisakan ruang untuk kesedihan.
🌠Karena cahaya harapan selalu menemukan jalan.

🌿 QS. Asy-Syu'ara' ayat 3 🌿
Boleh jadi engkau (Nabi Muhammad) akan membinasakan dirimu (dengan kesedihan) karena mereka (penduduk Makkah) tidak beriman.

*Menutup diri di gunung, menghilang dr pergaulan sosial

🌿 QS. An-Nahl ayat 123 🌿
Kemudian Kami wahyukan kepadamu (Muhammad), “Ikutilah agama Ibrahim seorang yang hanif, dan dia bukanlah termasuk orang-orang yang mempersekutukan Tuhan.”

🌿 Karena Harapan itu selalu ada 🌿

QS. Al-Hijr ayat 56 :
Ibrahim berkata, “Tidak ada orang yang berputus asa dari rahmat Tuhannya, kecuali orang-orang yang sesat.”","85","2 weeks ago","False","jangan biar hati sisa ruang sedih cahaya harap selalu temu jalan qs asy syu ara ayat jadi engkau nabi muhammad binasa diri sedih mereka duduk makkah iman tutup diri gunung hilang dr gaul sosial qs an nahl ayat kemudian wahyu kepada muhammad ikut agama ibrahim orang hanif dia bukan masuk orang orang sekutu tuhan harap selalu qs al hijr ayat ibrahim kata ada orang putus asa rahmat tuhan orang orang sesat","-3","negatif"
"https://youtu.be/WRxJGz-TA44?si=rfAIXKsyYvCPQPkk","@TinoBastian-r5g1n","Bukan hanya chaos kecap banget sumpahh","0","2 weeks ago","False","bukan chaos kecap banget sumpahh","1","positif"
"https://youtu.be/WRxJGz-TA44?si=rfAIXKsyYvCPQPkk","@deysdrt","mantapp","0","2 weeks ago","False","mantapp","0","netral"
"https://youtu.be/WRxJGz-TA44?si=rfAIXKsyYvCPQPkk","@NopianaRamayani","Masyaallah ❤","1","2 weeks ago","False","masyaallah","1","positif"
"https://youtu.be/WRxJGz-TA44?si=rfAIXKsyYvCPQPkk","@AlgoNudger","0:36 Jadi inget penggalan lirik dari salah satu lagu Phil Collins (You'll Be in My Heart) yang dimaksudkan sebagai sebuah nasehat dan motivasi kepada anak perempuannya ketika kelak ia beranjak dewasa.  👇😊

You'll be in my heart
Yes, you'll be in my heart
From this day on
Now and forever more

Don't listen to them
'Cause what do they know?
We need each other
To have, to hold
They'll see in time
I know
When destiny calls you
You must be strong
I may not be with you
But you've got to hold on
They'll see in time
I know
We'll show them together

'Cause you'll be in my heart
Believe me, you'll be in my heart
I'll be there from this day on
Now and forever more.","1","2 weeks ago","False","jadi inget penggal lirik salah satu lagu phil collins you ll be in my heart maksud buah nasehat motivasi anak perempuan kelak anjak dewasa you ll be in my heart yes you ll be in my heart from this day on now and forever more don t listen to them cause what do they know we need each other to have to hold they ll see in time i know when destiny calls you you must be strong i may not be with you but you ve got to hold on they ll see in time i know we ll show them together cause you ll be in my heart believe me you ll be in my heart i ll be there from this day on now and forever more","1","positif"
"https://youtu.be/WRxJGz-TA44?si=rfAIXKsyYvCPQPkk","@YeniDodo","Benar","0","2 weeks ago","True","benar","1","positif"
"https://youtu.be/WRxJGz-TA44?si=rfAIXKsyYvCPQPkk","@anitasamosir3788","Maksudnya ini apa kak?","0","6 days ago","True","maksud apa kak","0","netral"
"https://youtu.be/WRxJGz-TA44?si=rfAIXKsyYvCPQPkk","@MarbotMasjid-m5j1n","Iya mama 🧗‍♂","6","2 weeks ago","True","iya mama","0","netral"
"https://youtu.be/WRxJGz-TA44?si=rfAIXKsyYvCPQPkk","@Nandakey-w6j","mbak mbak Jawa mestine iki","5","2 weeks ago","True","mbak mbak jawa mestine iki","0","netral"
"https://youtu.be/WRxJGz-TA44?si=rfAIXKsyYvCPQPkk","@video.random07","Nak papa juga belajar lo ini. Ini awal kita kenal mama nak😅","5","11 days ago","True","nak papa ajar lo ini awal kenal mama nak","0","netral"
"https://youtu.be/WRxJGz-TA44?si=rfAIXKsyYvCPQPkk","@PutriNuraini-c7n"," @video.random07 papaaaaaa👶🏻","0","1 day ago (edited)","True","random papaaaaaa","0","netral"
"https://youtu.be/WRxJGz-TA44?si=rfAIXKsyYvCPQPkk","@YADPRODUCTION16","Makasih yaa kamu udah usahain yang terbaik buat anak kita.","4","8 days ago","True","terima kasih yaa kamu usahain baik buat anak","3","positif"
"https://youtu.be/WRxJGz-TA44?si=rfAIXKsyYvCPQPkk","@kontenedukasiviral","Aamiin.. 😭🌱✍️","2","2 weeks ago","True","aamiin","0","netral"
"https://youtu.be/WRxJGz-TA44?si=rfAIXKsyYvCPQPkk","@bugitoanuarta02gitok","Hdir","1","2 weeks ago","True","hdir","0","netral"
"https://youtu.be/WRxJGz-TA44?si=rfAIXKsyYvCPQPkk","@DatditDut-f6w8b","Aah bunda 😭","1","12 days ago","True","aah bunda","-1","negatif"
"https://youtu.be/WRxJGz-TA44?si=rfAIXKsyYvCPQPkk","@dindazaasyafaa3513","Sama nak hari ini ibu lagi dengerin podcast ini utk ,memperbaiki pola pikir ibu di malam hari❤","1","11 days ago","True","sama nak hari ibu dengerin podcast utk baik pola pikir ibu malam hari","2","positif"
"https://youtu.be/WRxJGz-TA44?si=rfAIXKsyYvCPQPkk","@video.random07","​ @dindazaasyafaa3513 ini mama nak","0","11 days ago","True","mama nak","0","netral"
"https://youtu.be/WRxJGz-TA44?si=rfAIXKsyYvCPQPkk","@lvynn524","Kaka yang pernah komen gini ga sih? , dewasa ini aku berusaha self awareness, control diri, belajar etiket dan manner tidak tertulis, dan emotional intelligence. tujuanku untuk diri sendiri ketika punya anak nanti dengan tujuan punya pola asuh yang baik. akan ku usahakan menjadi ibu yang berkualitas","1","6 days ago","True","kaka pernah komen gin sih dewasa aku usaha self awareness control diri ajar etiket manner tulis emotional intelligence tuju diri sendiri punya anak dengan tuju punya pola asuh baik ku usaha jadi ibu kualitas","1","positif"
"https://youtu.be/WRxJGz-TA44?si=rfAIXKsyYvCPQPkk","@aryanugraha8453","Nak, bapak mu jugak sedang cari ilmu, kebetulan ketika nyarik, ketemu ibuk mu di komentar wkwkw. Pas?","0","12 days ago","True","nak bapak mu jugak sedang cari ilmu betul nyarik ketemu ibuk mu komentar wkwkw pas","0","netral"
"https://youtu.be/WRxJGz-TA44?si=rfAIXKsyYvCPQPkk","@DindaNurAsri-o7m","😂","0","10 days ago","True","","1","positif"
"https://youtu.be/WRxJGz-TA44?si=rfAIXKsyYvCPQPkk","@umay0111","One day, mungkin aku bukan ibu yg sempurna tapi akan kuusahakan jadi panutan yg baik untukmu
Semoga kamu akan jadi pribadi yg lebihbm baik dari ibu mu ini","0","5 days ago","True","one day mungkin aku bukan ibu sempurna usaha jadi panutan baik untuk moga kamu akan jadi pribadi lebihbm baik ibu mu","3","positif"
"https://youtu.be/WRxJGz-TA44?si=rfAIXKsyYvCPQPkk","@PutriNuraini-c7n","Ibuuuuuu👶🏻","0","1 day ago (edited)","True","ibuuuuuu","0","netral"
"https://youtu.be/WRxJGz-TA44?si=rfAIXKsyYvCPQPkk","@arrumintansetyayuniar9460","sama mbak ❤","0","9 hours ago","True","sama mbak","1","positif"
"https://youtu.be/WRxJGz-TA44?si=rfAIXKsyYvCPQPkk","@makan_enak_mukbang","loh ini mama kamu nak,papa ketemunya disini. 19 agustus 2026","10","2 weeks ago","True","loh mama kamu nak papa ketemu sini agustus","0","netral"
"https://youtu.be/WRxJGz-TA44?si=rfAIXKsyYvCPQPkk","@PrologEpilog-l2r","​ @makan_enak_mukbang lwkwk","5","2 weeks ago","True","lwkwk","0","netral"
"https://youtu.be/WRxJGz-TA44?si=rfAIXKsyYvCPQPkk","@asrendiputra4635","​ @makan_enak_mukbang Pepet bre Pepet...","0","12 days ago","True","pepet bre pepet","0","netral"
"https://youtu.be/WRxJGz-TA44?si=rfAIXKsyYvCPQPkk","@adhid5414","Speechless😂, kenapa harus di ungkapin di komentar YouTube sih😭😭😭","5","2 weeks ago (edited)","True","speechless harus ungkapin komentar youtube sih","-2","negatif"
"https://youtu.be/WRxJGz-TA44?si=rfAIXKsyYvCPQPkk","@Berkah93-l3i","Wah ibuuu😅","3","2 weeks ago","True","wah ibuuu","0","netral"
"https://youtu.be/WRxJGz-TA44?si=rfAIXKsyYvCPQPkk","@fransiscadevi9656","bhapppp","2","2 weeks ago","True","bhapppp","0","netral"
"https://youtu.be/WRxJGz-TA44?si=rfAIXKsyYvCPQPkk","@galihpratama5854","Hadir wkwkw","1","2 weeks ago","True","hadir wkwkw","0","netral"
"https://youtu.be/WRxJGz-TA44?si=rfAIXKsyYvCPQPkk","@asrendiputra4635","Hehe...
Ada2 aja...
Kirain dah nikah...","1","2 weeks ago","True","hehe aja kirain nikah","-1","negatif"
"https://youtu.be/WRxJGz-TA44?si=rfAIXKsyYvCPQPkk","@abilarham6057","Yeyyy akhirnya yg ditunggu, idolaku sejak lama❤","1","2 weeks ago","False","yeyyy akhir tunggu idola sejak lama","1","positif"
"https://youtu.be/WRxJGz-TA44?si=rfAIXKsyYvCPQPkk","@aanyance5121","Ilmu yg aku lagi cari...aku seorang ibu....Utk lebih mengerti perasaan anaak ku yg sedang menjalani kehidupan d usia 20an 🎉❤❤❤","5","2 weeks ago","False","ilmu aku cari aku orang ibu utk lebih erti asa anaak ku sedang jalan hidup d usia an","4","positif"
"https://youtu.be/WRxJGz-TA44?si=rfAIXKsyYvCPQPkk","@AmunisiPtn","Mba anaaa❤❤","0","2 weeks ago","False","mba anaaa","2","positif"
"https://youtu.be/WRxJGz-TA44?si=rfAIXKsyYvCPQPkk","@laelinurazizah2854","❤","0","2 weeks ago","False","","1","positif"
"https://youtu.be/WRxJGz-TA44?si=rfAIXKsyYvCPQPkk","@rahmadianamahasetya","🎉🎉🎉 yeay! Ada Kak Analisa 🔥🔥🔥, udah lama ikutin youtube kak analisa widyaningrum. Thank you suara berkelas!, from anak Gen Z.","0","2 weeks ago","False","yeay kak analisa lama ikutin youtube kak analisa widyaningrum thank you suara kelas from anak gen z","6","positif"
"https://youtu.be/WRxJGz-TA44?si=rfAIXKsyYvCPQPkk","@aneumeilinakusmayanti8480","🥺🥺🥺","0","2 weeks ago","False","","0","netral"
"https://youtu.be/WRxJGz-TA44?si=rfAIXKsyYvCPQPkk","@FransiskoIus","woww","0","2 weeks ago","False","woww","0","netral"
"https://youtu.be/WRxJGz-TA44?si=rfAIXKsyYvCPQPkk","@bhacot2019","Anak mu sangat beruntung Bu sedngkan aku di 20thun in","0","2 weeks ago","True","anak mu sangat untung bu sedngkan aku thun in","1","positif"
"https://youtu.be/WRxJGz-TA44?si=rfAIXKsyYvCPQPkk","@YahyaArif-Air","nama YouTube nya beliau apa kak ?","0","2 weeks ago","True","nama youtube nya beliau apa kak","0","netral"
"https://youtu.be/WRxJGz-TA44?si=rfAIXKsyYvCPQPkk","@rahmadianamahasetya","​ @YahyaArif-Air nama youtubenya Analisa Channel","1","2 weeks ago","True","air nama youtubenya analisa channel","0","netral"
